0.16492847,14.040871,53.777206,-96.167885
0.11927023,18.841713,119.45917,87.97884
0.0,69.95372,78.59733,-96.74292
0.004364675,71.24292,109.605415,-63.805305
0.24808241,101.90513,74.95257,60.745514
0.60730183,63.52677,91.53644,72.296425
0.8154412,158.24788,110.82709,-68.105385
0.81163615,163.45341,7.7179704,6.0589104
1.0620979,111.89716,24.06629,-62.57266
1.0836856,127.73289,198.69603,-1.796365
1.2734835,126.121475,7.905595,58.51859
1.234511,149.61537,166.63747,71.61427
1.5446715,121.32504,60.39636,66.697525
1.9679626,2.6276495,74.7581,24.61553
1.9187552,133.64288,35.214397,-14.442693
1.9208972,133.83804,37.93048,20.734785
1.9503164,186.24019,138.46837,-71.42493
2.3181589,8.568939,66.928,58.17146
2.2190106,175.12483,22.013094,56.195015
2.9271336,12.463672,18.959196,76.194244
2.9202764,54.54386,6.924519,26.803375
2.9952688,117.01947,158.77377,-41.5325
2.8837016,174.4444,165.30365,22.766445
3.047951,69.50502,168.62398,-53.934513
3.074883,151.20563,31.192167,10.728534
3.2548287,111.71894,151.07698,70.093834
3.257436,150.74915,189.48607,34.99234
3.5972505,86.61466,193.43672,-52.160557
3.654509,25.83216,64.1488,-26.352102
3.9285047,100.54002,23.441545,44.485645
4.6942153,191.5022,122.962204,81.83787
4.9502053,141.71341,31.496824,97.679474
4.937932,156.33301,90.24278,48.384968
5.25625,20.979866,125.95728,17.053246
5.230923,47.45296,169.71028,43.894516
5.258565,131.21819,133.88773,61.87058
5.5348554,89.630005,47.51825,-52.802002
5.8369303,8.854803,117.83466,-23.143982
5.8893867,120.10315,47.83004,-51.39673
6.137391,98.38395,16.772038,55.495304
6.5310483,22.805122,62.87602,34.24269
6.4447303,73.463615,116.5959,-25.484585
6.507334,93.80328,10.142109,-62.441383
6.443025,143.0023,43.928013,-81.934006
6.50648,183.22423,192.83112,46.90168
7.371944,187.285,6.9322133,74.28865
7.7349997,22.448593,155.89792,2.8080995
7.674267,28.114145,164.95447,91.755295
7.6339636,34.964127,107.72466,65.68424
8.196236,104.85043,42.29224,73.57071
8.26264,128.43285,182.4574,-19.682446
8.574293,83.077255,122.551025,1.6250091
8.599955,188.13243,189.48201,0.030788157
9.062679,148.01318,112.52592,-96.56525
9.389146,42.600582,117.48319,-54.377224
9.705312,10.938874,17.84359,36.902924
9.6631365,112.66001,39.623535,18.417088
9.694425,166.98378,60.97903,-0.2988422
9.805849,171.81927,125.59426,63.95774
10.029398,74.43262,50.380104,58.040005
10.027419,183.24278,84.92764,17.243193
10.063914,198.08472,67.392395,20.825224
10.455047,22.817165,149.06403,99.74939
10.4143,63.91493,186.95366,-46.296497
10.535645,199.34694,163.2152,25.253712
10.959931,14.0175,35.179005,58.869556
11.133308,101.82432,56.4723,-29.823866
11.043706,108.46012,98.30014,2.6384878
11.360819,49.160603,119.26155,42.150032
11.643291,9.786637,91.15544,36.554047
11.93383,51.870544,130.73497,81.23657
11.806977,175.06116,4.9077506,41.26776
12.188134,36.26625,47.527805,-50.5475
12.462019,67.08832,167.32312,-97.5563
12.565228,180.32332,15.854187,42.86656
12.559645,182.70514,127.64491,97.21731
12.692481,50.5239,95.33338,76.53011
12.6868925,109.08802,195.92123,0.34153926
12.934287,47.012314,182.92976,-4.2090883
13.40878,9.027907,1.5213419,89.31884
13.444474,194.94356,120.698456,-73.99557
13.689545,89.77763,39.930477,82.644455
13.909889,70.489456,104.54234,-7.379983
13.84894,93.59991,98.54591,88.61252
13.999647,142.09106,15.573582,-79.46699
14.073328,71.12961,77.14991,35.27016
14.061248,175.89175,45.38026,97.92404
14.33321,8.375702,198.28189,-9.935553
14.288691,93.97357,141.79697,-83.00945
14.560775,116.966415,194.40732,95.65252
15.594537,41.70324,8.963013,78.62863
16.142447,37.746544,161.43219,-35.103516
16.395874,122.85762,84.68405,13.920949
16.437954,187.91364,69.602036,9.775932
16.770624,33.229134,136.85953,96.62901
16.810211,9.657632,197.04176,-9.56287
16.843029,38.92976,88.49384,50.579536
17.012812,8.338547,71.746216,25.204124
17.134462,151.08582,72.89035,75.664055
17.064964,164.80594,18.531378,50.62937
17.513601,163.0094,12.754866,-83.56722
17.773855,199.22366,135.87885,-58.145008
17.834154,22.85124,59.490314,77.554504
17.802406,111.62348,165.59596,-95.181595
17.838478,114.861374,185.83488,48.924618
18.026678,21.79516,17.330114,71.87354
18.306702,17.850473,190.58762,-82.337395
18.538593,72.55356,192.3951,-90.508606
18.414076,187.00269,19.452345,2.2806683
19.110975,179.6184,81.560005,-60.54574
19.36628,176.21999,12.7878685,-43.37434
19.457,50.81201,116.54911,-9.625616
19.639214,88.32696,98.01152,-16.790579
19.823206,130.32259,125.39077,-61.289948
20.135162,0.9955789,35.44685,-37.567593
20.174168,3.7387857,96.56923,59.108994
20.112198,179.44357,157.67932,39.523632
20.364738,144.8619,110.263405,-98.41762
20.512413,55.275616,67.376366,-33.43234
20.729362,109.27671,121.40018,-59.89283
20.842785,106.391975,180.22914,5.990903
21.402798,113.488754,81.16839,78.585106
21.55468,123.71773,118.377396,-43.559624
21.434227,195.3695,0.558671,97.7781
21.768389,8.376623,44.744553,-12.226691
22.882137,2.3035786,32.802383,-74.93043
23.096046,149.8849,70.3865,-84.71678
23.280848,135.28648,109.83938,51.183468
23.604525,81.20045,167.71396,29.876993
23.97228,73.833885,90.14365,-56.196716
24.0564,1.9684252,194.96506,-32.504314
24.12362,149.80287,7.3983736,88.653206
24.471388,124.14645,178.90195,-22.437307
24.75642,86.1403,186.2333,44.491425
24.662725,106.90716,156.52821,82.888535
24.887241,35.650387,42.356335,67.30246
24.913282,36.811607,47.018925,40.12027
24.840048,70.82207,44.269775,-18.679972
24.980543,76.617874,184.402,98.433105
24.808504,190.7137,43.11445,-55.89134
25.538496,35.113476,159.8878,86.31172
25.676495,179.39989,96.22322,71.64589
26.079073,199.69138,87.897606,51.448235
26.344835,90.67537,74.48423,-98.682175
26.481108,44.815243,122.77995,-10.1941395
26.521074,158.45575,103.962425,16.10554
26.590107,161.47115,193.15349,50.36935
26.840788,176.94165,71.057785,53.21471
27.134682,161.12947,23.420229,-81.18346
27.115463,168.19731,181.38306,20.256435
27.307236,5.1639376,58.61688,55.071537
27.330793,142.41245,64.1284,-48.13824
27.366755,161.72174,169.75131,-93.75772
27.575203,40.80002,167.09644,16.79094
27.485224,89.320145,45.628517,-70.36563
27.480034,135.57466,149.06496,-21.555828
28.083483,130.7215,175.65889,-22.180344
28.294592,16.640167,66.6552,99.92859
28.20327,182.73683,30.627537,94.4955
28.506296,168.53023,90.48384,-71.40515
28.735027,181.73782,26.212193,-3.269525
29.144363,35.58174,47.596024,29.273087
29.315186,168.81831,125.81077,-1.8206908
29.53701,0.70722145,81.87774,22.65931
29.569105,92.74844,29.102901,37.43417
29.745405,162.55319,133.92311,4.4627
29.904419,106.20401,197.29376,-30.24615
29.9319,130.47017,150.48637,63.296227
30.1813,119.12852,70.860565,-86.07405
30.041317,130.89983,7.3165793,-0.16885301
30.228123,52.659744,5.377934,86.41995
30.6569,178.97748,147.65094,-44.918312
30.866562,106.78908,174.42462,-71.78571
31.01031,50.541035,69.9771,91.40573
31.415045,63.69217,177.12907,-96.48579
31.416534,92.41014,179.3645,8.404179
31.768663,78.34913,81.96279,12.543928
31.920334,5.891695,13.173828,39.574844
31.839424,147.08778,96.12547,50.20881
31.866756,190.36292,180.91956,22.446045
32.736103,90.44873,185.00717,43.597088
32.87603,41.239037,147.84021,40.14526
33.20732,92.05241,187.83508,52.562893
33.23697,113.728455,176.66362,70.860344
33.408325,18.278893,113.84215,39.30167
33.763855,41.589523,86.67765,-28.420362
33.60151,88.14735,137.49365,-76.54202
33.997475,123.38966,170.46088,-63.124363
34.035244,80.46449,158.41573,41.56367
34.104176,116.38577,10.55139,-20.167862
34.34572,26.0666,92.9625,-45.05286
34.433582,63.28129,64.85854,-6.469152
34.544643,70.5315,127.75665,24.304947
34.877323,95.451744,157.98631,-42.24836
35.187996,18.510502,132.97264,-95.82291
35.316227,93.926216,98.29103,-49.107803
35.681606,45.39706,142.35997,-35.744717
35.83155,14.188227,101.79378,-20.994476
35.965164,88.92965,82.81936,-40.200565
35.878876,102.580284,105.329414,-67.424164
35.862587,158.40074,194.18596,-10.381395
36.185078,10.8614855,17.121922,-53.788567
36.36878,128.67528,139.21045,24.021563
36.53789,38.68146,177.1262,-62.819664
36.694195,11.4085045,105.34017,30.02276
36.746906,157.35078,180.05528,54.662533
36.70846,164.27977,141.47118,77.11592
37.18799,108.5287,117.54754,52.97562
37.716778,85.55056,193.59991,-38.77796
37.86931,193.15591,93.74826,-24.839348
38.024586,81.558624,130.59612,30.21999
38.41974,187.59956,172.26225,84.62132
38.525078,194.11897,156.68617,94.275894
38.839703,143.6059,150.46457,11.837485
39.497005,65.4258,34.996296,97.74352
40.044365,109.03804,10.538585,-44.208576
40.326023,133.94992,26.856846,16.951889
40.497208,119.00547,13.233808,15.133258
40.9542,11.437658,97.93975,88.36567
41.126232,18.691818,24.732183,-19.427351
41.5091,80.45163,191.32152,-99.25406
41.965908,61.89044,94.99657,21.657227
41.846134,89.56919,6.1377683,57.459427
41.819664,115.24802,168.25443,-77.58238
41.821625,153.1732,118.73503,-75.47954
42.04334,106.54622,87.26476,3.6625235
42.5602,18.975136,159.32924,76.07703
42.570354,136.88124,176.91963,-29.411432
42.653988,59.164257,140.04152,92.86063
42.731037,119.977715,27.27238,-93.18175
42.857418,106.3982,144.73904,38.966465
42.93978,193.00266,130.44853,-40.91218
43.029636,195.89217,60.737297,43.661846
43.348404,42.588676,141.63727,23.387768
43.578007,159.61041,153.7289,20.2109
43.648243,195.74777,73.20703,-91.973335
43.6716,199.8646,17.066525,43.35291
43.848564,12.543435,193.42299,-56.990192
43.93203,66.0217,76.960846,-72.37569
43.92048,187.64919,7.9965305,80.5652
44.10693,110.14482,75.44669,-71.775696
44.2184,46.980087,15.78817,-85.20441
44.399452,70.56874,141.06577,-68.591934
44.39644,81.09377,71.94268,23.984663
44.247517,112.84048,52.303688,-63.44197
44.4533,170.21037,188.60909,2.9568336
45.06548,81.824684,120.11498,63.508278
45.06462,157.6633,32.607903,-98.69383
45.64196,25.198135,129.84576,40.01102
45.750095,161.65298,184.19313,5.046415
46.06281,67.321335,167.64522,42.447598
46.43894,58.676483,78.90644,43.9674
47.596947,127.06134,7.4105844,91.80257
47.73693,94.34328,67.98465,-61.22536
47.636723,142.61244,10.769213,-15.245655
47.721058,158.6257,54.07416,74.73678
48.155106,137.60602,39.568077,32.228897
48.144966,186.81923,134.38792,-32.134518
48.31487,148.64575,48.152874,78.95449
48.516373,62.09815,66.31648,-17.016794
48.7813,124.078674,181.79695,93.639565
48.98584,32.662457,104.805244,71.72808
48.953617,174.96945,70.77853,-58.180443
49.27614,43.686535,131.63335,-54.82294
50.105213,147.03575,122.074715,-13.825093
50.358147,102.90471,16.686115,-86.73037
50.72916,16.53315,23.55285,25.246525
50.630955,34.944427,57.846775,-7.3346705
50.797516,120.99278,81.61743,51.83648
50.907326,153.84805,149.92863,71.533875
51.161354,103.630936,90.741394,38.6508
51.410343,96.05249,164.27664,-38.94254
51.69882,95.58069,113.01339,-56.795597
51.73573,192.42169,194.87549,45.264614
51.6376,198.05055,148.38109,-40.61135
51.98302,78.75876,85.67946,-30.828798
52.40699,70.25224,72.235855,84.58754
52.46236,145.26164,32.270805,68.64157
52.7675,140.45723,137.22832,23.24346
52.78785,143.55939,67.99782,38.11979
52.894573,116.17865,108.80936,-19.457575
52.955994,129.68703,94.37717,-12.445603
52.95158,173.66023,165.2925,-46.377857
53.08572,87.32584,38.134007,-14.124044
53.522373,21.485994,36.767292,70.562325
53.504436,102.51312,99.01428,86.05298
53.602165,150.74428,138.75522,-33.58442
53.671337,154.56157,72.97108,-69.74807
54.238567,77.07035,154.51518,93.89474
54.584587,120.991776,8.698369,-34.300213
54.606625,195.17209,38.560772,33.893486
55.155872,43.244286,39.571312,98.013016
55.642414,140.8887,145.79778,49.97023
55.618904,196.94577,27.973318,-99.06778
55.99519,62.715042,5.29844,-85.782005
56.129875,50.83398,25.223974,34.163208
56.309402,181.15167,179.6976,94.09957
56.505875,76.18829,19.851171,-72.338394
56.60904,22.613234,92.24439,-61.945076
57.037056,74.87634,172.65613,80.73251
57.26361,0.56194496,6.634445,-99.63303
57.936245,37.094227,180.00362,82.62645
57.815285,198.56728,169.61888,-93.20428
58.078606,138.47472,157.77211,5.0477114
58.7847,36.82203,84.95767,90.82663
58.765423,39.692368,178.4324,-53.46768
58.860783,33.48738,85.91152,-31.978817
59.07066,23.36068,154.45824,-62.231274
59.083138,84.103096,108.10444,18.45352
59.038597,130.67444,40.90499,2.5048463
59.07187,186.25645,140.523,63.91809
59.31419,111.20039,187.54025,15.635148
59.596863,6.9838505,38.152832,73.139465
59.451664,129.16719,149.06386,-81.0382
59.974476,24.830818,4.5091786,1.3076692
59.92355,77.60383,193.03563,36.886528
60.207966,0.1747066,16.346916,-17.07243
60.297485,153.83194,90.7109,-90.27264
60.315292,154.85834,49.53816,-7.7929807
60.280098,181.87305,143.43005,46.947212
60.57849,7.5381827,133.30037,85.01956
60.60998,118.80529,80.87885,-48.895466
60.869995,191.34123,53.406082,67.58408
61.022636,76.02176,176.32509,36.689182
61.24113,82.29033,177.55774,73.12441
61.296947,133.97377,105.71587,-44.533966
61.204475,143.14282,148.83571,-73.04458
61.586628,170.15482,117.16725,38.636917
61.627796,42.209305,92.11834,-37.629078
61.861057,27.427788,15.116349,-86.3964
62.12765,118.479164,67.86912,49.251587
62.285202,31.737753,190.37398,-73.202126
62.473976,2.8683724,139.52612,-53.073395
62.52548,71.50472,89.22999,-8.346787
62.602234,0.24605352,103.468666,-27.649393
62.781017,87.445435,59.199013,-54.098057
63.17298,48.504787,79.125656,-91.31059
63.31247,150.62668,162.41383,-43.45881
63.407005,152.28749,157.17345,70.97659
63.63184,24.692392,179.2508,-38.68273
63.62466,180.543,117.66496,-87.868385
63.871513,119.563126,140.6973,59.59381
64.30333,64.11121,128.94133,-70.90248
64.51988,135.39035,150.5759,-61.33671
64.493355,150.87373,133.9623,38.135315
64.541595,176.96867,38.111694,-26.610365
64.667,35.6745,150.6738,-80.98171
64.82225,36.53694,110.69479,-9.1563425
65.06299,193.01051,105.55791,-23.888973
65.366104,191.79433,63.53514,52.44153
65.48103,1.5569378,158.9215,-81.6005
65.95064,165.96536,149.73108,-60.803486
66.433044,87.14779,109.56447,-47.879787
66.675964,127.01636,100.52058,-9.323614
66.81465,33.23568,68.73993,-41.60205
66.88013,153.07843,83.33875,-35.19205
67.14107,135.94257,189.663,-64.44928
67.20381,61.22994,76.198135,-44.222923
67.320724,91.808464,165.0069,92.76699
67.50127,31.276411,125.14014,57.459553
67.51126,164.92447,148.46361,76.97727
68.09787,27.613451,104.91274,-88.58391
68.36854,98.6837,121.39535,50.57998
68.765175,16.073172,170.51994,57.07468
68.76114,180.44215,108.697334,69.88104
68.99059,9.693806,155.59279,82.14857
68.99978,131.22746,150.26329,49.38567
68.86671,147.7063,122.95307,-18.063774
69.711296,54.461285,85.36895,6.285829
69.64184,118.4881,100.186295,75.828575
69.96586,70.48851,52.03137,54.50106
70.139175,95.18308,151.80873,32.179764
70.21574,48.246532,168.43,57.924187
70.57812,124.48211,38.67129,-95.326385
71.07632,13.495882,76.590576,52.26002
71.26485,172.01944,125.01364,-67.396355
71.710106,4.309882,143.83382,-15.2940855
71.60124,29.480034,75.64753,88.602646
71.99311,117.67137,132.48611,58.931595
72.1625,138.63188,136.0092,-9.612983
72.24827,1.4512417,106.462296,-1.3823671
72.68965,148.93028,111.11614,-96.26037
72.94494,121.35094,107.68472,8.813467
73.38815,34.539253,31.492346,45.817516
73.51672,108.4489,122.6556,-33.395107
73.75306,35.023933,139.25165,4.785927
73.73321,37.923714,10.555378,96.654
73.74537,120.06831,183.84688,-63.420063
73.73918,170.20833,61.184296,84.36849
73.6111,174.44061,58.01589,74.586525
73.90763,89.580124,8.427358,-74.251205
73.83896,150.31302,79.39402,79.01524
74.38749,194.13438,158.21747,-31.18896
74.45623,66.575,46.98222,-6.783428
74.562164,160.14085,160.56021,-21.599754
74.61754,123.98136,85.92474,93.52759
74.672424,131.56364,195.78746,-70.20947
74.72646,149.91487,94.93937,-92.00911
74.68348,172.64406,111.040955,12.700549
74.64007,193.77112,26.13883,55.816025
75.10069,133.25516,79.18901,95.21169
75.157196,146.35553,67.00301,-35.566277
75.17739,194.61021,3.8280926,61.63284
75.43935,69.2674,122.67861,-76.77667
75.45171,140.48871,169.19957,-92.04467
75.639626,10.745509,196.11433,76.69969
75.691475,64.187386,81.805374,58.714573
75.6093,84.89015,187.32146,5.9612813
75.65042,193.48656,75.038895,-20.37492
76.01835,46.20504,3.4367373,35.00531
76.14636,115.687195,115.06561,90.245995
76.68817,80.737755,61.53298,27.694817
76.67179,91.93995,185.59981,-23.986538
77.11783,44.891567,185.4788,-4.3561068
77.78147,87.181496,189.02975,-21.399948
77.90787,96.79073,71.67764,-57.85063
78.04706,104.1283,84.0447,68.27007
78.03192,175.71506,5.464305,72.29967
78.27237,45.832302,103.81077,-86.529366
78.23723,95.32844,69.06593,-48.932922
78.70447,68.01312,132.27504,11.605498
78.714645,173.64102,99.81449,-48.718815
78.94532,61.01475,143.71857,66.891754
78.93512,67.49746,10.608061,13.986877
79.09201,90.248146,119.64197,16.666605
79.197174,176.82935,71.51316,-19.328165
79.61755,110.11169,13.841359,-70.631645
79.657455,195.37207,79.19853,5.2073874
79.943565,97.35959,8.469468,-73.68092
80.02423,39.677097,185.23322,-18.96083
80.02853,170.70415,174.62672,-38.842976
80.23286,70.80258,56.676346,58.215137
80.414375,118.76793,141.56026,33.30169
80.979324,45.420784,195.5561,70.71519
81.04239,152.35284,25.336384,8.077363
81.26259,15.392395,171.3207,18.252792
81.38317,16.457413,181.09308,31.516424
81.36945,93.427086,176.36899,33.34053
81.79032,118.6112,28.067242,-48.88277
81.93858,56.658966,5.050153,86.153824
82.10668,26.157888,30.32901,41.500904
82.26416,68.514114,129.62471,-51.449894
82.238266,126.55543,172.866,93.35723
82.42153,61.41354,118.87615,29.739239
82.599174,65.578026,125.06407,96.58346
82.51447,140.70753,184.70865,-67.14988
83.08642,85.441,54.92588,-14.482193
83.00266,120.649,94.60176,-11.239618
83.10095,126.09513,186.05383,-8.9984045
83.17926,130.52997,66.70896,41.35758
83.242226,35.19135,143.9157,-30.607857
83.34355,44.7427,34.30141,-62.92424
83.3406,90.98769,160.54286,-51.010338
83.53979,29.716875,32.271194,-34.290333
83.68871,32.08938,17.928766,-28.015356
83.78931,35.375282,74.67861,7.570256
83.67878,92.57017,30.59575,-75.25382
83.65497,96.00612,59.208874,68.75574
83.99978,170.74216,149.94998,42.535763
84.18348,162.34781,50.432377,62.820408
84.23936,111.630325,115.32843,71.59644
84.56016,142.53242,95.36772,-97.222496
84.87566,141.3131,51.85721,-79.62092
85.12402,133.13554,112.75375,-44.69942
85.314896,29.220848,19.379286,89.49053
85.25053,194.0347,89.64741,70.16913
86.118484,89.04964,191.39719,58.83868
86.199936,125.88784,187.74025,43.620483
86.22262,52.208168,65.219086,-35.751884
86.49967,15.663456,44.023357,-34.49819
86.46469,169.67169,28.377657,-31.171364
87.44227,67.571495,105.12709,45.831394
87.59381,84.77523,98.78652,-12.505821
87.51537,147.52711,193.22081,-20.68107
87.58297,154.51726,191.8311,-48.523304
87.65983,26.040882,133.1701,15.662126
87.71114,119.093025,128.68016,82.23375
87.98027,57.056587,72.29601,-67.509285
87.950386,125.170044,159.86285,-0.6112519
88.095955,122.50472,151.25768,4.9047427
88.1592,127.04952,60.576668,91.02166
88.12149,187.25253,74.78201,52.165264
88.10268,196.01785,197.23181,88.2531
88.357254,95.545135,105.64298,87.57332
88.529816,86.72908,139.04782,20.494331
88.488495,109.52594,24.7599,13.3068
88.661575,150.52406,127.64533,-18.657326
88.79097,169.9322,171.74823,46.231705
89.193954,95.48684,198.48538,16.291939
89.22511,12.245783,181.10905,9.637141
89.498116,12.942834,90.39084,79.392525
89.52913,76.457436,153.74196,-88.64261
89.44962,127.94301,44.087074,58.808235
89.49199,147.84457,0.0,-47.960403
89.74823,57.141495,7.3141413,-67.48396
89.89053,35.810005,189.81961,10.3264885
90.11805,42.928093,167.34776,46.873722
90.32321,197.15404,188.00111,-91.79231
90.40438,46.748714,142.50168,-85.70371
90.44277,111.55534,149.03564,-64.49609
90.64709,25.70401,187.8874,-96.91709
90.66559,125.60727,57.105835,-67.9997
90.68925,185.40895,86.98145,62.909218
90.989624,187.869,76.263374,15.99937
91.217384,159.2608,168.16269,-73.67527
91.5429,56.70878,142.15596,-79.859856
91.44734,104.366035,35.381763,-68.02419
91.652565,57.811977,186.0058,-87.98957
91.68534,192.16823,26.423704,21.936422
91.90147,25.996096,108.82247,75.22888
91.94168,37.80532,122.68149,-1.2483895
91.89552,147.88904,100.13012,-13.264176
92.23553,181.44223,110.91236,25.781248
92.98456,86.17803,112.45751,-4.9116473
92.86265,99.97425,196.35689,48.187683
92.91222,123.07693,63.0892,39.218758
92.86493,195.09361,22.701906,-33.544147
93.55066,6.786383,44.037323,-40.450924
93.52061,173.6038,22.119255,39.598576
94.18532,171.7144,45.26964,82.62426
94.48687,13.889261,38.875286,24.398857
94.647804,46.57967,147.1509,-13.081768
94.973145,159.46275,103.31833,84.91782
94.81008,191.01126,110.9082,73.52638
95.0722,129.02132,23.692884,-44.874836
95.31907,190.45798,154.4218,1.4382818
95.537155,58.117416,2.5992649,-82.79195
95.53773,129.1711,170.83661,-98.30353
95.405396,149.27327,174.36911,-51.371727
95.60672,55.696125,110.08887,-82.194176
95.623955,90.54051,135.53522,17.691822
95.95943,16.11778,61.304466,53.476204
95.81521,79.717186,38.94442,20.842918
96.047424,137.30353,133.45653,-33.170593
96.69959,123.50017,163.94554,2.2881172
97.00044,76.58726,139.86803,-93.67234
97.10377,93.50267,120.69861,-74.36284
97.04605,115.914536,195.92935,-46.921936
97.23105,64.44892,94.481255,-11.054081
97.28345,120.796844,10.979986,43.249763
97.536026,2.2660816,131.40599,-70.987724
97.88675,69.22987,80.639275,99.12237
97.863235,119.67695,49.173218,-41.192635
97.81625,129.88327,123.17901,83.43465
97.955215,173.85132,151.22891,-93.401855
98.143875,118.591324,41.59274,86.92284
98.42422,25.659922,51.650856,-39.173874
98.66872,48.45075,179.6363,3.1522949
98.98311,40.55749,56.751953,62.682766
99.30692,45.604797,139.32008,72.26241
99.45954,47.159996,32.48142,94.731476
99.44128,172.37746,147.2069,-59.288116
99.92602,180.59726,66.8208,10.430878
100.08095,3.0515456,128.7434,-65.03486
100.2685,180.01765,150.11136,19.655216
100.403244,130.98631,134.45403,30.616213
100.58258,196.09335,90.08179,11.060205
100.79498,110.01568,20.518646,20.708784
100.760826,150.06442,115.14806,-91.72434
100.8814,11.476897,41.66017,46.57325
101.134995,90.05659,18.55268,-10.229247
101.09545,181.70425,9.252488,-28.223558
101.315475,8.051411,71.53871,-42.309193
101.27782,86.38216,127.324844,-56.637157
101.34843,155.48051,192.34422,-0.80616885
101.560005,16.622087,102.6063,77.004234
101.491974,44.650593,192.54765,-11.401619
101.9698,21.525373,164.31528,88.27618
102.11214,20.960365,106.50136,54.468533
102.35196,2.8768358,157.31879,-98.82489
102.25516,13.35476,129.35876,-26.222015
102.226944,71.16917,164.54114,-47.345085
102.26754,149.66669,158.59308,-27.566418
102.50368,59.238136,165.66705,96.32914
102.66726,35.570896,186.85768,37.39
102.64682,51.924416,11.543095,-81.31447
103.576546,121.26472,73.769745,83.883965
103.655174,43.607357,38.72454,59.01769
103.8466,82.639534,84.82431,49.94845
104.05232,74.856735,28.80638,14.599092
104.02116,138.05316,110.781136,-99.58241
104.27605,74.5696,134.11763,-43.879642
104.42521,82.81111,144.94682,-69.3746
104.77268,35.676346,95.2755,90.64614
104.62236,72.51112,96.85567,-19.893145
105.52334,38.03267,31.054699,87.415054
105.51554,142.60909,172.24428,-9.637045
105.718155,113.10885,142.06282,-61.096294
105.76682,193.03221,159.64612,-70.110565
105.99821,82.311195,51.33531,-42.543858
106.16412,167.94666,123.16978,-55.719944
106.47483,72.622475,168.37448,29.20475
106.90949,173.61238,136.37369,11.720942
107.48781,35.66106,89.022606,-27.396404
107.53878,189.43669,41.59515,-66.345375
107.914345,10.899087,166.43562,-66.93179
107.95635,51.551395,131.67775,-95.64247
107.9738,179.32718,103.7871,-57.078323
107.958405,191.28229,5.3014474,-88.56741
108.051216,21.573862,31.782999,-28.758158
108.19707,76.62449,186.1831,-99.24096
108.15419,130.82072,97.49479,-33.611942
108.545135,42.72411,6.4497585,29.306198
108.653465,138.89856,73.68615,98.27364
108.80762,12.450626,176.36372,3.467478
109.38462,73.76039,164.60179,-47.674828
109.30738,89.14195,161.1653,36.760105
109.55287,73.13146,93.927925,-34.775387
109.73189,25.255388,78.964874,-27.581001
109.921005,185.79774,75.57675,87.77111
110.10474,196.0737,172.8354,75.07484
110.55304,190.77281,118.67006,10.158131
110.46406,194.94234,195.50015,-7.1332088
110.7219,142.99715,180.40903,69.28969
110.94006,2.4504561,32.033737,-85.43135
111.02552,35.46053,37.174736,-63.318935
111.18662,111.12746,137.15298,-41.85874
111.33907,109.320045,35.368435,40.557934
111.45913,123.97076,193.70186,59.936638
111.906364,172.41742,129.14645,-68.87483
112.23277,12.662619,159.56888,-6.259073
112.739174,115.99177,161.01581,-71.01221
112.66105,197.07306,46.239567,-61.10827
112.81328,10.814525,178.3413,53.22578
113.190735,120.50468,146.74095,-52.57754
113.21561,68.856674,59.289078,0.95787656
113.5884,174.62401,166.81183,51.446705
113.69264,10.686682,30.855204,28.86317
114.32532,26.461311,175.32428,-64.4572
114.49363,9.865756,39.596954,62.88074
114.78309,127.27501,135.91048,-6.173563
114.8514,14.752361,90.94396,-54.686752
114.82047,24.236437,18.564651,-63.408546
114.953255,101.87572,23.904228,97.798454
115.02312,90.885475,196.04959,67.25768
115.01098,161.89537,32.709972,-55.72411
115.37319,177.70273,107.21295,-17.385298
115.54313,76.68943,57.472076,76.39018
115.54764,177.4789,69.594604,-53.455494
115.66179,173.70132,151.99196,53.76389
116.551414,165.18794,60.39108,31.745537
116.53413,199.71199,43.357857,18.679077
116.93435,14.277878,22.745024,80.658615
116.97676,138.3417,121.86614,-19.305662
116.93197,196.17137,104.54913,-50.062504
117.13719,9.967087,161.33057,30.70419
117.71658,16.983398,196.80974,-30.11242
117.61193,30.64099,17.263994,-88.490105
118.15057,153.12645,39.82114,-57.16337
118.30676,56.80757,6.176099,-16.907232
118.51703,93.64668,52.26246,41.828945
118.43347,197.33148,12.812626,59.11196
119.41713,50.058075,75.65977,-99.45888
119.6834,2.4160037,56.81601,66.24241
119.78944,140.53917,137.35712,38.06556
119.7281,152.63667,32.86877,45.300083
119.72964,172.75677,101.89184,-69.542755
120.38792,39.12207,66.63547,39.909046
120.30179,176.38055,152.16905,-22.672197
120.418495,84.79983,3.0566077,-89.63827
120.47609,86.54724,130.25687,29.875662
120.86796,110.785164,172.96078,-87.355804
120.99508,131.27872,198.28404,-43.991447
120.946236,159.45807,173.85992,-1.9358006
121.20457,148.20921,106.12863,77.8731
121.44629,53.01074,158.38516,-47.9698
121.661064,138.72855,149.54086,6.206655
121.70492,198.13835,153.41049,84.37209
121.86331,159.08272,159.2459,8.250813
122.25612,117.69107,107.49728,0.93236613
122.54985,27.164324,0.5022972,-78.68236
122.52606,31.79992,5.803086,81.64074
122.55083,166.25914,3.8641825,-30.103544
122.634834,83.108086,162.51651,-0.8457109
123.71912,47.053043,131.14847,83.104126
124.193085,20.708197,173.2051,-45.46254
124.06849,102.95166,84.55803,56.63334
124.18788,112.79259,9.763319,-10.521144
124.274826,134.52963,11.723618,-26.613361
124.41625,131.85294,3.969645,6.9804344
124.71037,35.672333,194.40656,-87.75129
125.17601,122.12304,121.183815,48.787434
125.06438,166.4551,161.35141,-80.16465
125.59029,21.019571,16.63107,89.80073
125.45932,85.5486,41.831913,66.78535
125.78798,78.697136,173.58353,52.15979
126.31112,112.275734,155.35605,-34.572815
126.384125,172.21054,141.4752,51.15001
126.482376,115.663376,113.864456,-49.414803
126.40371,173.86029,158.87167,-89.124985
126.63753,0.8257082,86.18985,-94.38106
126.78218,20.76973,13.746055,-75.56442
126.99202,42.223694,146.27399,-84.267746
126.93621,145.46625,103.30052,-73.58021
127.79883,3.5640018,170.86853,90.1888
127.72804,78.98545,123.10274,-26.477495
127.76298,147.52908,99.06436,97.56878
127.971,92.44245,19.426165,-3.591997
128.10225,57.521103,196.69261,-43.16816
128.49774,15.122247,24.137215,89.05204
128.52386,51.8942,80.84851,64.46807
128.4338,162.64726,86.04914,-25.49087
128.76785,126.519104,25.424797,-79.6168
128.7169,152.07518,120.56844,-81.72793
129.0289,94.44548,71.43859,59.418766
129.33182,98.86488,96.09845,43.405537
129.20345,160.76846,28.713938,-37.013622
129.51503,81.969734,151.8719,56.631844
130.07906,172.19176,5.9383326,-12.108983
130.26213,163.60583,17.48681,53.147884
130.57825,128.79733,75.15867,83.65187
130.51953,158.7674,143.2501,-27.78106
130.72444,190.88939,103.86999,-31.295898
130.93132,58.889656,64.905235,-23.80297
131.03441,55.549644,15.503739,-90.81828
131.18538,164.64616,8.530187,-29.319168
131.93126,49.343647,15.300775,-15.336304
131.92433,151.1884,135.19966,83.82282
132.19502,45.03509,144.54703,87.38097
132.0538,57.44684,194.96875,-52.659554
132.3377,63.588223,144.63672,-86.35975
132.26865,180.94196,191.62033,-69.95061
132.75507,129.98248,92.00916,98.314835
132.60841,175.90607,164.96849,34.445545
132.96297,71.30323,133.93056,-35.649498
132.84158,123.65211,87.71813,60.81769
133.08142,5.232436,169.21118,-62.62259
133.14545,71.35628,132.02219,17.21112
133.4194,23.064915,25.91563,-80.98341
133.55923,33.13881,131.80519,58.701443
133.53516,122.483475,143.11844,27.833414
133.85251,110.58502,6.9219055,-59.90818
134.26274,131.11,121.67364,-29.691164
134.39856,175.16153,127.01211,92.10071
134.5821,179.77234,93.082634,61.98198
134.50047,181.45915,100.8404,-20.127943
134.66167,74.20057,94.20901,-49.60199
134.87595,99.39986,30.749537,86.045784
134.94643,126.99568,39.987312,62.32257
134.81007,166.57697,120.241295,-93.54323
134.99785,184.92519,196.31013,-4.449761
134.8345,189.24281,66.269516,88.30319
135.36618,4.3844647,156.06355,-94.59761
135.3899,131.11313,54.205284,85.35001
135.55946,4.6704926,136.7667,-48.159134
135.41399,118.07722,36.625652,-47.430706
135.50674,123.04703,82.27748,6.02633
136.06589,134.55627,109.473785,-51.33591
136.36841,132.22046,25.897804,-76.734665
136.8972,78.47276,187.04123,12.781156
136.89,139.38788,72.63427,-72.69678
137.16849,126.41971,113.10555,-86.24096
137.31512,149.75624,155.22612,-88.70342
137.29134,175.8391,29.383665,73.967705
137.56992,75.784485,88.45786,3.4653907
137.65872,57.336365,23.830345,-60.016846
137.74176,181.67534,85.92169,21.674425
137.86137,62.79662,34.89928,55.780323
138.39507,84.42104,86.65625,-46.388103
138.43225,156.35497,89.07719,84.842926
138.53831,175.3869,169.7325,-18.399939
138.6829,124.987564,116.004845,-4.4895577
138.81615,83.77453,4.4996066,-38.873585
139.15149,111.374054,172.11537,-27.702436
139.08923,138.99098,65.32117,-48.495586
139.3529,93.4228,146.16582,-1.9081211
139.33046,152.91708,176.24486,74.898964
139.55579,106.335,193.45744,52.209667
139.65901,121.451614,74.04036,27.681833
139.82918,169.28749,64.97571,-88.89535
140.04591,154.62141,18.962646,-71.339325
140.31036,39.384308,96.28046,-24.935701
140.5518,39.071644,103.42011,-34.169315
140.47891,51.1428,148.58165,-35.86253
140.73097,162.76839,102.9579,75.38818
140.76973,185.66309,55.953266,-87.16572
140.84349,114.814545,13.793481,-98.03929
141.16733,52.363647,174.79015,-5.3444195
141.49342,64.08377,165.49954,5.008594
141.47488,81.327286,146.83199,-16.338737
141.40068,103.0921,114.42936,-56.158165
141.53497,188.3962,48.510674,67.71663
141.83147,196.99902,111.9631,-93.947266
142.05548,154.21324,98.95729,39.90982
142.38179,8.096233,34.03191,-34.285706
142.25804,38.893803,46.217228,74.72176
142.48024,40.318344,195.1939,-67.43034
142.87529,5.5649,143.15547,17.969456
142.8822,16.318857,186.05675,7.32185
142.86322,175.71883,149.32191,23.17713
143.13933,28.448895,71.30862,-8.880496
143.1634,131.17079,79.01967,-76.91662
143.27061,22.16751,104.209656,10.177259
143.27487,185.99942,79.94707,-87.38529
143.63005,133.74323,171.46361,7.9055204
143.9753,26.8791,32.456947,50.677986
143.94127,63.483593,68.33478,86.32092
143.91843,196.8246,137.86723,53.911743
144.192,139.2841,161.9752,-20.196472
144.7224,83.57537,78.50768,-54.32574
145.18674,0.93496454,115.01532,65.3537
145.00052,53.743225,166.88991,95.8045
145.22319,61.787678,178.24187,89.28862
145.71843,54.059456,32.557156,45.935986
145.91351,65.89995,81.99573,-2.1167002
145.91998,129.80325,19.324886,9.974272
146.60812,141.71837,177.9116,-21.761375
146.93745,182.8541,76.53547,59.92399
147.02023,79.07796,172.73332,-17.028376
147.47731,40.12122,94.319916,30.913649
147.8299,92.82426,25.77637,94.79999
147.93607,155.93642,93.55534,44.507805
147.88353,188.9812,56.255917,-36.655678
148.11172,131.62909,84.1592,-38.302773
148.00726,167.2936,139.65863,61.95695
148.74051,173.23572,189.57518,-0.3204334
149.18343,44.123016,66.77554,17.373983
149.38744,166.56938,123.5175,36.790157
149.31966,190.05466,93.91246,-26.440529
149.49438,89.03523,17.46796,-79.60963
149.46913,175.02856,155.98111,5.679903
149.63985,56.136185,175.25465,-50.90319
149.97902,18.270617,118.94546,-13.9129
149.83609,42.466805,48.268036,-38.86756
150.31247,10.150992,30.463394,-38.510723
150.25671,148.40224,91.2356,-75.061485
150.26625,174.54274,187.30878,6.2242517
150.49348,48.523254,99.31983,96.88314
150.50107,59.223682,157.04453,-69.99272
150.681,36.252262,62.568813,84.48753
150.85774,196.62973,16.705574,14.958626
151.45749,13.955168,87.51924,62.60319
151.75974,67.720566,112.61206,-34.281956
151.6595,190.08804,120.89759,-25.442892
152.19281,11.912073,75.20592,56.773018
152.1614,135.21393,148.02888,-29.859491
152.25029,114.7727,16.486042,90.782684
152.44287,165.0386,180.85732,15.671414
152.78044,56.272663,13.871476,1.9372846
152.86716,192.61319,92.33646,75.983185
152.8505,196.36307,194.73546,8.576447
153.31422,126.1381,53.99978,-9.215695
153.36757,129.00194,22.944292,-76.9907
154.0241,85.312416,72.79176,25.94726
154.1251,116.196594,85.36234,74.695786
154.15182,137.63365,178.94464,66.77508
154.11995,142.4777,95.61731,18.345184
154.18451,165.35104,180.97624,80.00253
154.33028,69.87446,22.19853,2.2015903
154.67105,109.9082,2.6912925,25.962206
154.89662,52.369957,145.25485,1.4363496
154.96695,91.46221,128.38869,-59.061264
154.95244,133.4968,59.459743,20.073294
155.30888,81.52523,113.801285,-77.64354
155.40405,45.03748,2.481695,23.721704
155.69638,5.020819,38.827614,-8.173827
155.77939,128.26413,191.78235,-80.39112
155.94835,31.24549,78.318985,-65.88016
155.86633,121.8121,156.02771,17.452177
155.96321,182.76064,160.45927,45.151875
156.3309,111.7613,83.99884,-85.43842
156.38675,142.35236,24.42066,-8.457384
156.33163,170.06273,23.4149,14.950388
157.14453,180.82547,7.4991417,-36.77542
157.24626,139.54906,141.77835,-96.223885
157.46298,26.175089,110.92636,40.577877
157.41998,152.1571,156.26662,16.204498
157.61754,100.235146,58.718555,98.8935
157.90953,91.53453,36.292995,-34.936462
157.83351,144.45784,46.865765,57.28163
158.14783,142.14452,151.20831,70.78097
158.34286,8.711259,174.75465,-48.286686
158.29434,18.19281,67.32385,44.360657
158.25182,85.34553,55.506096,-55.284588
158.23816,93.85716,145.32501,-48.933506
158.43788,143.4452,117.86994,6.716363
158.96706,53.26838,121.18259,-94.93143
159.02834,44.663563,60.15212,-80.152214
159.4877,163.38829,107.2477,76.04603
160.0654,172.34877,26.754515,22.773964
160.27602,49.33847,99.96984,32.731224
160.8998,71.474846,182.05965,14.467594
160.9549,181.95824,150.96506,-87.25351
161.55753,60.71493,115.21034,-31.688513
161.58998,64.485016,111.88041,-81.92054
161.70992,139.65675,135.70001,47.85282
161.80833,137.93008,99.58273,50.933617
162.0948,116.85909,164.7061,80.38342
162.14546,192.53668,108.30979,-90.27264
162.20781,9.846563,73.16124,31.41447
162.33846,24.090178,165.73846,-8.05881
162.29503,123.583046,29.189886,72.81515
162.64183,112.73738,1.949841,-79.43312
162.73975,152.89745,67.2926,-74.30223
163.5856,172.31747,155.69267,65.4608
164.05779,77.89991,51.55087,93.897575
164.3505,15.531937,127.32972,2.8375015
164.40446,15.0767355,34.730373,87.10982
164.79272,88.03658,76.123085,80.94515
165.04976,132.72525,110.45079,38.93167
165.11786,151.78,126.79621,-12.574707
165.33716,92.41642,43.30487,46.098957
165.66116,48.632683,66.064,14.6839905
165.72897,62.201447,43.06566,-82.34472
165.75876,115.356445,87.62617,91.00509
165.69566,141.30716,18.57262,-83.4947
165.76482,152.836,153.22125,9.125762
165.86667,141.43968,61.928093,-81.277916
166.12302,28.35863,38.271812,-52.021923
166.79631,13.0974655,71.88218,6.441873
166.63039,159.69621,56.036484,-67.37339
166.86516,129.04251,60.293186,-31.158562
166.8777,158.9647,136.25629,-77.87196
167.16669,92.21121,13.515295,83.31627
167.26364,43.88518,18.808292,51.213856
167.45424,80.32958,155.63379,81.46709
167.46744,179.22325,78.38887,-64.702896
167.69044,27.25237,18.85224,-76.47259
167.7504,89.818756,5.862787,42.7161
167.82254,12.516905,1.4508983,-37.137684
167.82408,19.454842,123.55181,-45.427536
168.00204,18.687996,139.83188,37.790688
168.35628,0.0,93.37757,58.85806
168.26062,31.101963,69.386185,9.724844
168.59882,134.01514,111.10365,16.963743
168.4258,186.96414,147.70978,-89.14443
169.03378,98.01515,113.86886,78.14016
169.11037,183.21942,44.17181,26.29815
169.20042,66.664345,111.88004,-28.005705
169.37483,177.95947,191.9192,-31.74957
169.47446,127.45494,24.02339,-13.576254
169.43887,161.46942,186.50775,63.246647
169.52687,166.99272,130.71718,-44.346798
169.74171,165.97427,80.506035,97.5833
169.9648,97.04814,77.039024,17.08386
170.02608,49.429104,109.39662,69.36399
170.17294,137.3168,48.630234,86.373695
170.31572,94.94155,104.453926,-76.50296
170.6473,75.98758,26.836626,45.28095
170.85236,112.239395,141.77527,-64.821846
170.972,176.10387,15.902507,17.190033
171.00523,10.195441,103.24448,-97.394516
171.23451,139.06339,15.357752,11.473274
171.41814,66.43608,17.347303,46.168278
171.41629,139.54826,148.03261,-82.66845
171.75314,89.397545,64.846924,-52.837727
171.90363,168.70358,135.58322,-18.920025
172.0444,59.810402,186.09186,88.269615
172.20204,27.91908,120.79809,-62.496876
173.19115,17.71218,184.6798,38.33798
173.1629,107.4295,58.514034,14.175608
173.17274,137.54454,142.76588,-24.498209
173.89151,94.06004,79.562485,51.198017
174.05354,27.799986,42.662933,-69.442
174.17174,189.17232,111.80591,-35.479145
174.24472,66.17393,154.02678,-25.205608
174.57074,174.7966,20.507208,-93.04504
174.98708,134.41623,105.03204,74.43872
175.09068,57.9068,108.90438,30.415686
175.27092,96.84447,131.61511,17.674088
175.35347,170.65086,102.275826,8.8336115
175.42853,67.850204,151.87958,-57.59324
175.73349,176.79166,57.754505,46.464252
175.89099,37.655617,25.303455,83.66847
176.11131,181.13179,197.69379,-21.592007
176.4979,97.61152,57.5902,-87.2583
176.73654,92.09157,145.35847,81.99499
176.96748,80.483795,178.59079,62.03779
177.15448,86.35578,156.1735,-66.59393
177.03557,100.40352,184.87512,-45.870815
177.09709,132.91606,56.36387,-0.017535888
177.04858,182.34497,32.771988,23.35212
177.32462,164.21935,113.667114,99.44917
177.21756,196.46935,156.59833,-24.295279
177.74881,89.637856,127.575424,93.072235
177.8552,52.013035,56.50097,88.51071
178.03374,133.19609,7.2376585,-22.743935
178.05183,154.32655,108.71976,45.694534
178.07799,157.14343,94.669014,-93.1251
178.28395,107.87313,196.03883,-45.969997
178.50087,149.55792,119.57538,-93.89018
178.77246,18.16025,95.052185,-88.11771
178.69086,40.357433,23.97454,94.11952
178.72545,66.95374,23.081165,-33.969963
178.72467,107.83592,28.436056,45.79252
178.73361,190.26762,138.63681,-54.7203
178.80241,14.414878,187.48534,0.07692958
179.06801,113.034,66.29515,28.76078
179.04004,173.85855,138.38959,58.838863
179.41348,125.475334,75.35386,73.3119
179.59456,131.33156,104.2219,13.359616
179.40071,144.21921,38.526943,-63.11125
179.79208,40.017094,82.33564,-31.848896
179.61641,54.90374,131.69873,45.176895
179.70898,122.88102,157.39139,-41.698086
180.1462,121.58901,124.1905,23.531532
180.41237,102.028336,44.39446,36.711376
180.40634,103.543175,33.291035,31.567041
180.72417,179.19911,179.89265,-76.85368
180.85971,31.987797,186.92612,2.1780124
