0.0171859,1.39928,0.0707256,0.535478,1.70323,1.46944,0.00529793,0.942803,0,2.33903,1.50491,0.112099,0.491522,0,0,0.837547,0,0.520073,0.211451,1.82995,0,0,0,0,0.0567218,0.487089,0,0.720394,0.18946,3.11127,0.058605,0.0750124,1.98574,0,1.78547,0,0,0,0.565781,0.207042,0.167329,0.816652,1.99427,1.35662,1.44915,0.0094366,0,0,0.0180777,2.24328,0.100042,0,0.0273162,0.144378,0.0325063,0.396091,1.00146,0.213247,0,0.215728,0,0,0.0816299,0.176491,0,0,0.0145128,0.0478126,0,0.853279,0,0,0,0.011081,0.266364,0.0115051,0.0819382,0.107524,2.1605,0.235039,0.019525,0.191717,0,3.29316,0.10907,0,0,1.06664,0,4.20407,0.0498437,0.0279753,0,0.140351,0.121489,0.22
0,0,0,0.0105947,1.17405,1.38878,0,1.52416,0,0.132837,1.23616,0.289271,1.05053,0,0.623618,0.83861,0,0.012828,0.0758463,1.70202,0,1.30749,0,0,0.13194,0.0179245,0.728592,0.316562,0.902465,1.97816,0,0.322502,0,1.27648,1.41127,0,0,0,0,0.32214,1.56471,0,0.688647,0,0.341521,1.74584,0.717826,0,0.030237,2.01796,1.32701,0.0411506,0.168056,1.20598,0.0611615,0.284216,0,0.789176,0,0.110541,0,0,0.584652,0.147423,0,0,0,0.0636809,0,0,0,0,0,0,0.187123,0,0,0.20792,2.71894,2.05893,0.334433,0,0,0.118311,1.42496,0.0597387,0.756133,0.88396,0,0.618452,1.39976,0.136328,0,0.307736,0,0.233624
0.100089,1.51962,0.0848805,0,3.08072,2.36962,0,2.1963,0.53512,3.5751,3.31147,0,0.66435,0.089367,1.34639,4.99996,0,0.0194078,0,2.09353,1.58597,0.0340337,0.00830525,0.364718,0.409322,0.34006,2.95851,0,1.66006,0.677172,0,0.294477,2.27958,1.51714,2.70154,0,0,0.391902,0.365396,0.36629,0.314642,0,2.93118,1.4025,1.2693,3.44124,0.33559,0,0.677156,1.61584,1.56708,0.0402488,0,3.1409,0.153945,0.479785,0,0.240978,0,0.164859,0,0.738292,0.203165,0.0247516,0.223224,0,0,0.143991,0.0582208,1.2257,0,0,0.165044,0.0748441,0.282927,0.000253318,0.0302043,0.133773,3.15249,3.50987,0.47418,1.11863,0,0.659423,0.89479,0,1.63446,1.45576,0.173204,2.33346,2.81026,0.3202,0.0519213,1.14499,0.0113476,0.290822
1.21093,0.698903,0.00810684,1.9188,3.7967,1.25103,0.0390424,0.102298,0,0.494336,2.07535,0,0.118737,0.0221703,1.7379,2.51304,2.09862,1.34419,0.926389,0.875002,0.566902,0,0,0.141775,0.142642,0.0910509,1.07959,0.305216,1.04924,2.45582,0,0.292667,0.0912134,0.038154,2.25071,0,0,0.391642,0.939225,0.301934,0.502053,0,1.17952,0.843197,1.37286,1.31828,0.73787,0,0.0640719,0.81923,0.0390046,0.138813,0.0018344,1.5937,0.0990418,0.410978,0,0.164668,0.0289023,0,0,0,0.298946,0.612602,0.443633,0,0.0110417,0.619981,2.1832,0.5305,0.0461097,0,0,0,0.0702525,0.375111,0.544353,0.260987,1.71099,1.11882,0.667108,0.112165,0,0.543383,0.293364,0,0.711817,2.61217,0,1.69078,3.79283,0.360117,0,1.30216,0,0.0498211
0,2.77071,0.175949,0.0422371,3.44772,1.93075,0.106995,0,0.0430451,0.144728,2.05087,0,1.14518,1.62011,0.988575,3.52419,0.0484179,0.0453209,0,0,0.572765,0.241137,0.0653899,0.169981,0.121168,0.984572,0.239666,0.028686,1.27432,1.83905,1.48151,0.0207845,2.89036,0.0708902,0.186502,0,0,1.0117,0.334113,0.305487,1.40756,0.0418642,1.21188,0.900062,2.89663,1.85052,1.0787,0,0,1.65021,0.790537,0,0.156602,0.94717,0.0661188,0.770157,0,0,0.923173,0,0.028314,1.83593,0.294582,0.0264435,0.403103,0.13472,0.0460735,0.129581,0.0094426,0,0.16341,0,0.0530047,0.274052,0,1.89302,0.0416702,0.381728,4.91908,0.263399,0.130853,0.00478177,0,0.279517,1.18277,0,3.01792,2.19452,0,0.652857,1.86202,0.145427,0.0151615,1.35153,0,0.721399
1.15624,0.428028,0.234357,2.25821,2.35932,0.254568,0,0.144293,0,0.826947,0.997935,0.720363,0.189986,0.170431,1.00726,2.01144,1.122,1.64806,0,0.0408877,0,0,0.113539,0,0,0.361352,0.231833,0,0.200571,2.25649,0.448893,0.0272478,0.617936,0,1.59728,0,0,0.226479,0.232995,0.254643,2.06743,0.067795,1.38367,0.877639,1.66221,3.07131,0,1.39034,0,0.136186,2.19536,0,0.158644,0.937099,0,0.0620328,0,0,0,0.400006,0,0.0400774,0.560819,0.00475005,0,0,0,0,0,0,0,0,0,0.176678,1.66022,1.22207,0.270653,0,3.51772,0,0.0628334,1.29034,0.641256,0,2.36969,0.125947,0.956318,1.43849,0.809876,1.2219,0.244003,0.0609251,0,2.88947,0.156983,0.235794
0,3.7667,0.311307,1.38903,2.11409,1.11295,0.435341,0.493787,0.0080856,2.01992,1.90995,0,3.91916,0.571488,0.489908,4.46169,0,1.03413,1.30717,3.36794,0,0.176074,0.829108,0,0,2.60583,0,0,1.00938,1.99432,0.202522,1.19927,1.12229,0.020095,1.70339,0,0,0,0.0218165,0.336309,1.62639,0,0,1.94172,0.31951,1.93062,1.92744,0.547996,0,2.66041,2.11428,0.038967,0.174607,2.3015,0,0.0690468,0,0,1.24023,0.0967083,0,0.173176,0.198124,0.136561,0.206337,0,0,0.15651,0,0.757789,0,0,0.006474,0.140425,0.0455163,0,0.148287,0.0858822,4.24628,1.97387,0.31892,1.286,0,0.0977058,1.9458,0.216178,1.50511,3.58915,0,0,1.59275,0.0829899,0.0946716,0.900138,0,0.224324
0,2.03758,0.364485,0.265023,4.5362,3.23811,0.20956,1.18555,0,2.2794,0.328049,0,1.07753,0.591718,2.12845,3.18686,0,0.116045,0,0,0,0,0.299596,0.268746,0.200867,1.01888,1.61467,1.54652,1.00114,0.270115,0.0579041,0.302791,1.17826,1.30118,0.813409,0,1.34578,0.389406,0.227858,0.507716,3.16017,0.231351,1.34332,3.4409,0.00066932,4.44104,0.448087,0.148055,0.192853,1.59634,2.61693,0.0668732,0.475902,3.82378,0.0652515,0.21154,0,0,0,0.376692,0,2.46845,0.0908567,0.209523,0.619712,0,0,0,0,0,0,0,0.259867,0.358179,0.481163,0.374162,0.762631,0.114374,4.96975,1.12603,0.430512,1.86515,0,0,3.63949,0.196704,0,2.05328,0.629348,1.44249,1.59353,0.264453,0,2.94149,0,0.642296
1.16457,1.45197,0.329689,0.427855,2.28514,3.33966,2.05802,0.231676,0.144457,3.23363,2.72507,0,1.17924,2.20932,1.82932,2.3732,0,0,0,0.0646406,0,0,0,0.244084,0,0.234257,0,0,0.385171,0.450978,0.164688,2.78316,2.92509,0,2.07333,0,0,0.317289,0.159505,0.369539,3.06402,0.36828,2.14789,3.66843,1.22119,3.54161,0,0,0,3.04948,0.0624685,0.322829,0,0.216597,0.177941,1.03476,0.0657211,0,0.058745,2.15651,0,0,0.828905,0.0799229,0.346535,0,0,0,0.564557,0.210496,2.4278,0,0,2.18561,0.259455,1.77455,0.0329423,0.281754,4.69672,0.0447665,0.298323,0,0,2.94421,3.32607,0.234397,1.89602,2.94188,0,2.03286,0.594298,0.428287,0.016842,0,0.0944034,0
0,0.812959,0.396155,1.0821,1.59655,0.302892,0.422206,0,0.495526,1.6376,2.00544,0,1.07533,0.764272,0,2.29722,0.194936,0.236501,2.64699,0.335759,0.0862072,0.470072,0.310394,0.452516,0.942565,3.73985,0,0.617022,0.266785,0.910076,0,0.143308,0,1.36117,1.23467,0,0.368055,0.0666422,0.32724,0.834507,2.53751,0,0,0.464839,0,2.3419,1.70829,0,0,1.47974,0.252057,0.00179902,0,3.33012,0.680386,0.00160911,0,0.727289,0.171643,0.746411,0,0,0.404956,0.250403,0.525557,0.173728,0.766795,0,0.389785,0.590145,1.28848,0,0.0906347,0.374159,0,0.380833,1.24183,0.182616,4.48841,0,0.657482,0,1.18917,0,3.0717,0.145547,1.92825,3.9648,0,0,0,0,0,1.8774,2.60649,0.0175008
1.21896,0.706497,0.213755,0.362644,3.23266,4.06821,0.0430374,0.0479324,0,1.58724,1.4232,0.0513433,0.839317,0.224862,0,3.13457,0,0.624884,0.0441629,2.41464,0.0931719,0.841575,0.239555,0.0914356,0,0.174274,0.426532,0.189509,0.00593708,1.36161,0.267162,0,0.419623,0,0.483515,0,0,0,0.103761,0.349336,3.1572,0.506916,1.2329,1.97672,0.115018,3.35561,0,0,0,0.448121,2.7178,0,0.292552,1.20576,0,1.33623,0,0,0.0634748,0.22696,0.154713,0.115755,0.463103,1.56256,0,0.0844082,0.122158,0,0,0.0324241,0.0582119,0,0,0.933846,0,0,0.16711,0,2.27559,1.89461,0.21204,3.11433,0,1.63071,1.77166,0.259585,0.175479,0.194302,0.670678,2.52084,3.68502,0,0,0.00903646,0.0961873,0.122968
0,1.92255,0.421551,4.2872,3.94846,0.297078,0.197775,1.37515,0.00231669,2.33913,0.354655,0,4.26773,0.589474,0,4.53446,0,0,1.91736,0,0.0345105,1.106,1.57442,0.100578,0,0.284706,0.1301,0,0.219503,1.55808,0.435005,0.567116,0.890806,0,0.136617,0,0,1.79135,0.0323957,0.271788,1.1858,0,0,2.35731,0.217649,3.90349,3.96034,1.08264,0,2.99436,1.48155,0.030326,0.0735027,3.59873,0.139281,0.436798,0.0146966,0.00151951,0,0.10024,0.362982,0.127762,0,0.174083,0.0250898,0,0,0.0797243,0.0582898,1.52977,0.24375,0,0,0.120586,0.15339,0.0423824,0.366089,0.22846,3.79329,1.13799,0.675845,0.049469,0,0.88452,0.511292,0.157515,1.0322,3.41613,0,0,0.911446,0.197475,0.445232,2.53377,0.0305113,0.0967914
0,0.193839,0.291417,0.642138,1.6666,4.48058,0.248952,0.0764052,0,0.0642923,1.6997,0.0118089,0.736342,0.324853,1.25228,0.649228,0.22962,0.133776,0,0,0.443094,1.35609,0.249834,0,0.210771,0.317031,0.706297,2.51561,0.0761545,0.277485,0.235841,0.795308,0.159758,2.31977,0,0,1.43028,0.194093,0.194987,0.61092,3.66879,0.296296,3.15763,2.45886,0,5.63731,0.593953,0.23202,0,2.47664,1.14806,0.156054,0.127599,1.76863,0,2.08475,0,0.234299,0.0583196,0.156147,0,0.0848883,2.3032,1.62498,0.151989,0,0,0,0,0.146171,2.23508,0,0,0.818012,0,0.169489,0.301192,0.0166205,3.01364,1.1526,0.116614,0,0.316091,0.217571,5.38363,0.387857,3.29282,0.177743,0,0.600719,2.65953,0,0,0.0578268,0.360785,0.0186348
0,1.71777,0.627594,2.10291,3.95936,1.79553,0.270444,1.0698,0.164491,2.78602,3.66716,0,3.63445,0.402802,0.998814,5.73794,0,0,2.34259,0.136558,0,1.40829,0.0985146,0.133853,0,0.239274,0.007095,0,0.29863,0.54678,0.906454,1.41581,2.53536,0,1.78287,0,0,0.273259,0.311439,0.0917406,1.73049,0.315882,0.521051,3.20199,0.0878853,3.32068,2.34447,0.189288,0,4.23719,0,0.190348,0,2.08098,0,0.0513559,0.0980902,0,0.262183,0,0.0872679,0,0.219961,0.149293,0.202754,0,0,0,1.42371,2.78883,0.88168,0,0.0359865,1.94254,0,0.628676,0,0.0898388,4.01327,0,0.100502,1.19196,0,0,2.68605,0,0.130791,3.92146,0,0.16685,2.23973,0.225502,0,0,2.49558,0
0.00320239,0.554669,1.0222,0.152419,3.71167,0.326457,0.393472,0,0.0138871,1.00145,1.87904,0,0.37407,2.49033,1.14958,1.88216,0.249668,0.121514,0.797175,0.0619331,0.126932,0,0.375372,0.228759,0.108685,0,0.037106,0.589851,0.190534,0,3.11987,0.664572,0.953327,0.270153,0,0,0.0730633,0.453147,0.0755576,0.152259,2.459,0.167606,0.0366235,1.30958,0.0516655,3.15037,2.72087,1.27069,0,2.18787,0.496993,0.246501,0,1.75592,0.208334,0,0,0,0.207501,0,0.062996,0,0.0755253,0.110612,0.45738,0.068995,0.133901,0,0.53592,0,0.851728,0,0.214153,2.57137,0,1.73971,0.646902,0.347914,3.35795,0,0.751689,1.15408,0,0.0958348,2.05089,0.116338,0,3.34665,0,0.044649,0.531738,0,0.170209,0.666519,0.558997,0
0.634388,0.998571,0,0.758748,1.75968,0.60059,0.20274,0.870353,0.138799,2.63791,1.99025,1.02975,0.320434,0.0137402,1.01479,3.87226,1.31022,1.33521,0.0667273,0.00650755,0.219548,0,0.0822018,0,0,0,2.77831,1.49934,0.602818,0.0709762,0.251968,0.159413,0.07216,0.543766,2.31687,0,0,0.207455,0.0344082,0.208832,1.86823,0,2.37234,0,0,2.54637,0,0.0666677,0.0284047,1.37071,0.416776,0.675883,0.428763,1.74206,0.158202,0,0.923599,0.92964,2.19739,0.0989295,0.164175,0.0667523,0,1.62923,0,0.806118,0.286586,0.117339,1.62944,2.11879,0.119533,0,0,0.0150877,0.555144,0,0.132974,0,2.62342,1.77727,0.0651028,0,0.0438504,0.0710581,2.67977,0,0,1.39841,2.28136,0.161491,3.62665,0.54116,0,0.153545,0.155414,0.146031
0,0.0133077,0,1.33376,2.23111,2.89146,0.768594,0,0.180903,0.751614,1.54233,0,0.410294,0,0.0846337,0.867994,0,0.457463,0,0,0,0,0,0.0413031,0.40837,0.157666,0.0439449,0.333091,0,1.51834,1.3085,0.578227,1.91819,1.04437,0.0151756,0.0285605,0,0,0.0368546,0.146647,1.79753,0.0152449,0.819844,3.30749,0.0672836,1.69131,0.0763571,0.0322051,0.592964,2.07836,2.26945,0,0.122427,0.00823355,0,1.75599,0,0.260069,0.163058,0.893037,0.202913,0,0.022967,0.0596902,0.144311,0,0,0.0273496,0,0,1.89333,0,0,0,0.00751041,0,0.0972121,0.143911,2.39591,0.105444,0.565432,1.45278,0.164392,0.0527464,1.56992,0,0.375916,0.474986,0,0.850732,0.729479,0,0,1.05199,0.850151,0.0867795
0,0,0.106882,0.229681,1.23328,1.57349,0.245821,2.02359,0,4.73756,2.91037,1.37993,0.283024,0.0913498,0.0944172,1.84719,0,1.51344,0.450912,0.0221244,0,0,0.0797759,0,0.101424,0,0.624523,1.66948,0.093414,1.91429,0.343749,0.267465,2.13631,2.17257,2.62699,0,0,0.145688,0,1.38388,1.9514,0,4.96041,0.201183,0,4.17882,0.206692,0.0554863,0,0.932931,1.15403,0.132514,0.114273,2.22376,0,0.223318,0.220012,2.4901,0.879216,0,0.100105,0.298434,0.508515,0,0.326648,0,0.0304825,0,0,2.32726,0.194887,0,0.187378,0.155517,0,0.00277117,0.164918,0.461011,2.43012,2.05953,0.562726,1.51506,1.53996,0.442473,3.5324,0.0783836,0.0290947,2.03544,0,1.59683,1.84331,0.0399161,0,0,0.223294,0.224458
0.218861,1.43835,0.0749247,0.163469,4.5418,0.582792,0.246049,0.0038738,0,1.78201,2.00353,0.420793,0,0.195918,0.851114,0.196146,0,0.988511,0.0170222,0.509259,0.0927667,0,0.223792,0.141984,0.267454,0.147002,1.12969,1.66094,0.0112063,0.154008,0.660053,0.193642,1.89126,0.499808,0.470245,0,0,0,0.0568941,0.327828,1.40781,0.207046,1.45222,0.0928813,3.56036,5.13585,0.312546,0.032542,0.237074,2.11145,1.14366,1.44996,0.218444,2.21121,0,0.476037,0,0.201794,0.199947,0.0342906,0,0,2.08252,0.770037,0.297657,0,0.133634,0,0.953767,0,0.23211,0,0,0.0447163,0,1.01483,0.748408,0.1172,2.53149,0.0315101,0.2393,1.80088,2.02026,2.58462,4.92939,0.000865001,1.06928,2.46925,0.680523,2.20928,0.264138,0,0.312039,4.11188,0.466219,0
0,2.29247,0.0355913,0.0416124,1.24369,2.05877,0.282785,0,0.0825083,0,1.3571,0,0.179496,0.264176,0,3.96902,0.0508664,0.121736,1.6035,0.17778,0.0573787,0,0.134821,0.188715,0.0250246,0.969894,1.23102,0.146235,1.12118,1.31336,0.0694729,0.065073,2.45283,0.850015,0,0.513882,0.114912,1.74442,0,1.31789,0.00401081,0,2.43583,0.452198,0,2.17326,2.36829,0.0641584,0,0.954869,0.319128,0.128025,0,3.88699,0.0544677,0.0762903,0,0,0.163286,0,0.0240847,0,0,0.0886201,0.449694,0.058554,0.0816396,0,0.0934524,1.92445,1.15314,0,0,0.832224,0,0.657995,0,0.242514,1.3617,0.572374,1.97346,2.82426,0,1.74067,0.0590374,0.565204,0.0111429,4.0218,0,2.3632,0,0.00293333,1.32094,0,0.734968,0
0.496757,0,0,0.0154057,0,1.14299,0.443194,1.49157,0,1.23952,0.412303,1.37637,0.177821,0,0.147813,0.812492,0,0.685337,0,0,0.0330051,0,0,0,0,0,0.534043,0.122768,0,0,0.292099,0.285857,0.632743,0,0.782101,0.111249,0,0.0799202,0.00818975,0.0258819,0.675892,0.0548305,1.33567,0.0434346,0.785954,1.07441,0,0.454986,0,0.888545,1.45842,1.11469,0.298404,0.0346297,0.120975,0.026934,0.0548875,0.112277,0.458782,0.0946944,0,0.0270044,1.01503,0.0531317,0,0.826411,0.0212997,0.0624193,0,0.554131,0.0454889,0.0601187,0,0.00858575,0.540631,0.656297,0.0376084,0,1.66019,1.19354,0,0,0.0582404,0.659099,0.401011,0.124929,0.313725,0.000631285,0.695177,0.693975,0,0,0,0.418896,0.150965,0.0276787
0,1.04572,1.87115,0.222223,1.50723,0.276568,0.304055,0.222603,0.195384,1.89996,1.22311,2.76545,1.06624,0.0528931,0,0.960253,0,0.0426885,0.228335,0.151339,0,1.24335,0,0,0,0,0.0385636,0.0407591,0,0.997662,1.38996,1.77402,0.148479,0,0.0263064,0,0,0,0,0.117918,1.80128,0.0817821,2.31388,0,1.16032,3.09049,0.151107,0.103594,0,0,1.49385,0,0.208239,0.345617,0.100701,1.04048,0,0.790845,0.0552685,0.102696,0.901246,0,1.24589,0.713044,0.121255,0.658093,0.0643619,0.0188082,0,0,0.149459,0,0,1.75624,0,0.536687,0,0,3.52165,0.113783,0.243816,0.772243,0.70294,0.772122,1.83095,0.127007,1.35564,1.24022,0,1.72225,0.421174,0,0.109383,0,0.0314287,0
0,1.6295,0.0224326,0.196203,0.0262845,2.5534,0.68518,1.3333,0.202531,1.11764,0.868396,2.01812,1.82704,0.124881,0,3.21077,0,0.165682,0.0176286,0,0.0824628,0.646982,0,0,0.198564,0.325726,0.220533,0.394394,1.03302,1.53927,0.391923,0.0776389,1.12489,1.65881,0.0868546,0,0,0.0722978,0,0.144103,2.97993,1.16448,2.49138,0,0.784608,0.763843,0,0.318394,0,2.95424,0.681299,0.604382,0.189177,0.740035,1.12077,0.190916,0,0,0.502907,0.113202,0.254866,0.234871,0.915752,0.0702383,0.316115,1.98622,0.0355665,0.764261,0.0010976,1.95534,0.828987,0,0.132071,0.0234085,0.0062269,2.93632,0,0.151799,4.43206,0.0591339,0.126985,0.663696,0.87745,0.0478874,1.43733,0.187613,3.34488,0.0335033,0,1.31149,0,0,1.34103,1.31255,0.0467897,0
0,3.45107,0.153321,0.216325,1.06081,1.57846,0.349789,0.031172,0.035031,1.09816,0.629486,2.04343,0,0.072997,0.167196,2.39436,0.522669,1.46705,0,0.0984901,0.0781512,0,0.333402,0,0.0495583,0.615215,0.563328,0.329869,1.5981,1.9915,0.486592,0.00858528,0.899157,1.08173,0,0,0.0207778,0.179192,0,0,0.391931,0.0991407,1.27756,0.0128379,0.439162,4.0539,0,0.258259,0,0.957665,1.85416,0.778992,0.0914958,2.21115,0,0.953945,0,0,1.04251,0.12991,0.364131,0.057625,0.199173,0.608547,0.0324657,0,0.122849,0,0.273122,0.126776,0.207426,0,0.0213876,1.33115,0,1.87363,0,0.114266,3.22638,0.127506,0.952851,2.9846,0.439377,0.0864531,1.82408,0.446189,1.22275,0.775293,0.395417,2.22572,1.94918,0,1.48687,1.52025,0.0585986,0
0.286433,0.743639,0.152452,0.124025,1.21704,0.192459,0.114108,0.0456695,0.162107,1.11651,0.940597,0.193758,0.200014,0.392346,1.19383,1.7507,0.88796,0.20042,0,0.0209087,0.0200727,0.461104,0.0681184,0.218864,0.272813,0.108744,0.0829531,1.36428,0,1.57481,0.0548316,0,0.150915,0.173516,0.399749,0,0.796984,0.879516,0,0.173176,1.52995,0.093709,0,0.0492396,1.04143,1.34919,0.647764,1.10754,0,0.658198,1.32172,1.38598,0.0165918,2.17278,0,0.0830126,0,0,0.281016,0.0615664,0.0779076,1.00181,0,0.211555,0.185296,0,0.621664,0,1.04921,0.0561845,0.0834625,0.0492222,0,0.130199,0.395921,1.65132,0.685546,0.0405907,2.63797,1.08308,0,0,0,0.0741106,1.3794,0.46287,2.22575,1.69442,0,0,0.802079,0,0.87194,2.98208,0.440249,0
0.167785,0.0507292,0.177712,1.74227,3.22635,3.31528,0.00353653,0.209766,0,3.08895,2.35908,0,0,0,0.98773,2.61677,0,0.558323,1.92835,2.38065,0,0,0,0,0.430843,0.231228,1.60607,0.586418,0,2.32946,0.171328,0.07386,0.252696,0.102838,1.62838,0,0,0,0.46285,0.127349,0,0,0.794924,1.71362,0,0.13132,0.0535859,0,0,2.71856,0.112954,0,0,0.484464,0.0898804,0.168061,0,0.0617961,0,0.581938,0,0,0.00651368,0.0845325,0,0,0,2.32457,1.07262,0.96983,1.58854,0,0,0.298156,0.210036,0,0,0,0,0.75868,2.1828,2.0042,0,3.70917,1.44127,0.117111,1.54933,1.34788,0.00281301,3.86429,0.89819,0.117222,0,0,0.259467,0.116881
2.11045,0.15562,0.034427,1.13014,5.79647,1.13583,0.0189518,0,0,4.21677,4.34544,0,2.69779,2.30757,4.95076,1.68401,1.02895,0,0,0,0,0,0.126263,0.13735,0.242852,0.268742,3.32691,0.242205,0.0690604,0.235785,0.470729,1.82268,0.966273,1.04389,0.69436,0,0,1.09227,0.268995,0.312409,0.199998,0,0.478207,3.05966,0.0463075,3.34994,4.26841,0,0.177227,4.66519,0.0190881,0.128397,0.073595,1.16002,0,0.302389,0.089027,0.313191,0,0.407094,0.0326311,0,1.07169,0.511774,0.158122,0,0,0.171502,1.88448,1.8253,0.0967811,0,0,0.184197,0.288804,0.334252,0.555466,0,2.51163,0,0.27256,0.0135357,0,2.98415,2.39436,0,0,3.34114,0,1.22561,3.16212,0.63864,0,0.422731,0.218901,0.212355
1.98298,2.25514,0.434055,0.6403,5.40615,1.95704,0,0,0,0.308068,1.6501,0,0,0.112181,2.60242,3.07479,1.40544,1.42426,0.0634667,2.56996,0,0,0.0801021,0.424281,0.0702636,0.0600413,3.51302,1.90571,2.55938,0.410525,0,0.568451,0,1.07028,0.279077,0,0,3.21958,0.394057,0.535605,2.24994,0.125372,0.19109,0.220622,0.452377,1.4526,0,1.11888,0.100479,1.65812,3.01936,0.962334,0.389833,3.28928,0.103174,0.249786,0,0.277516,0,0.282582,0,2.35946,0.25034,1.08281,0.146957,0,0,0,1.02634,2.16368,0.0446691,0,0,0.0238134,0.124902,0.958039,1.41294,0,3.34763,1.65316,0.483183,0,0,0.1112,1.67277,0,0,1.07625,1.61725,0.0187244,3.54781,1.1868,0,4.04718,1.56133,0.187799
0,0.188959,1.46617,0.305432,5.06961,3.91883,0.0444798,0,0,1.44125,2.60604,0,0,0.138014,1.25164,2.50589,0.11123,0,0,0.770128,0,0,0.116244,0.258899,0.156978,0.132264,2.27841,0,0.245474,1.79594,2.06799,0.125833,1.88832,0.201639,0.201727,0.234667,0,0.0193626,0.592268,0.35339,0.456443,0.132907,1.54584,2.45696,0.568342,1.17534,3.77927,0,0.168144,1.50841,0.802054,0.355965,0.0895101,1.33362,0.15984,0.417151,0,0.160832,0.0924594,0.133076,0,0,0.170387,0.115804,0.447908,0,0,0.453054,0,1.66926,1.9235,0,0.244242,0.117066,0.152751,0,0.125935,0.246814,0.203686,0.265842,1.01635,2.85903,0,2.6222,0,0,0,1.55173,0.22269,4.77728,2.75726,0.217552,0,0,1.49868,0
1.26175,0.0140895,0.0900618,2.52995,3.88792,2.06498,1.1322,0,0,3.76132,3.27821,0,0.121018,1.50836,2.35334,2.47218,0,0.00683956,0.757973,0,0.0743406,0,0.203476,0.360901,0.0807835,0.0681305,1.04596,1.58603,1.38816,0.200705,0.0402747,0.15921,0,1.26101,2.72102,0,0,0,0.110918,0.418032,3.34845,0.241681,1.75305,4.22272,0.388432,1.76777,0,0,0.336791,3.65351,0,0.0185181,0.0281173,2.09348,0.17528,0.123696,0,0.0229741,0.177106,1.87565,0.0739416,0.831134,0.685734,0.106931,0.676653,0,0,0.0768208,1.60639,0.989576,1.92644,0,0,0.289245,0.128449,0.0986189,1.76911,0.110607,2.48681,1.19993,0.665307,0,0.33989,0.821174,3.9046,0,0.617669,1.82969,0,0,2.43546,0.132112,0,0,1.94448,0.0669578
0.197316,0.315922,0.240779,0.168133,1.31312,2.49056,0.61888,1.48927,0,1.91535,2.50377,0,3.12826,0.0954508,0.0344302,2.17955,0,0.0514954,0.116443,0,0.118739,1.65719,0.061676,0,0.019761,1.81821,0.0559423,0.162773,0.471642,3.45821,0.0941313,0.192249,0,0.0246256,2.43004,0,0.205434,0,0.183064,0.26276,3.84433,0,2.71739,1.04575,0.21749,2.56379,0.00577636,0,0.191112,2.04942,0.257465,0,0.86887,0.985747,0,0.657663,0.0676219,0.166934,2.07849,0.562006,0,0.0824681,0.874595,0.77633,0,0.586117,0,1.70918,0,0,0,0,0.103045,0.208868,0.19633,0,0.199297,0,3.83888,2.18594,0.0800387,0.463929,1.43573,0,2.76753,0,2.13891,0,0.138648,1.46568,4.26267,0.24426,0,0.0695338,0.987801,0.343658
0,2.74539,0.980623,0.316955,4.07664,0.526675,0.179152,0.563002,1.80463,2.65911,2.36159,0,3.73281,0,2.01932,3.89647,0,0,2.41608,1.04627,0,1.64161,0.478089,0,0.229126,0.285,0.380903,0,0.0468346,0.414275,2.39442,1.96845,4.76844,0,2.06305,0,0,0,0.395848,0.723552,0.231302,0.0103751,2.17777,2.52769,2.01958,4.62553,5.71931,0.458546,0.0311024,1.41886,0.445642,0,0.196623,0.32677,0.509199,0.782668,0.200509,1.33741,0,0.421821,0.0770839,0.0462412,0.630102,2.60471,0.421777,1.09368,0.523411,0.0707023,0.0241143,0,0,0,0.169061,1.03118,0,1.08108,0.180058,1.82569,4.20903,1.2271,0.0924258,0,0,1.23949,2.05347,0,0.456752,4.41854,0,2.63368,2.17759,0.189314,0,0,0.192159,0.497635
0,3.6166,0.616347,0.531753,4.23067,1.78219,0.186134,0,0,1.5984,1.25977,0,0.241016,0.241436,0.0113012,6.08187,0,1.22684,0,0.891487,0,0,0.470892,0.0244173,0.25759,1.11423,3.3049,0.604349,0.0678508,0.713719,0.974803,0.525876,3.63959,2.65323,0.470335,0,0,0,0.180332,1.05053,3.36402,0.297375,0,1.63034,0.317361,6.44245,0.0170348,0.105015,0,1.93195,0.90635,0.161833,0.224336,3.77474,0.123296,0.20384,0,0.163325,1.56105,0.138905,0,0.193113,0,0.447204,0.0732858,0,0,0.00236813,0,0,0.234336,0,0.037571,0.373,0,0.109893,0.0496375,0,7.52574,0.198662,0,0.714648,0,0,5.57792,0.293365,0.027119,2.77203,1.17685,4.06471,0.319021,0.287143,0,1.34114,0,0.382255
0,0.311614,0.399694,0.302365,5.11662,6.16292,0.202206,0.0527276,0.739594,0.155062,4.20036,0,2.86412,0.343701,0.371971,4.28785,0.255884,0.334057,0,0.755808,1.27274,0,0.466758,0.192502,0.358993,0,3.68679,0,0.274087,0.154108,4.34719,2.62124,5.88848,0,0,0,0,0.207969,0.500669,0.526319,0.680315,0.117107,2.46422,5.81883,0.614568,0.897041,3.29271,0,0.282256,5.45801,0.481875,0.38691,0,0.127786,0.0842885,1.915,0,0.289265,0.310187,0.321026,0.00800103,0.0940658,0,0.185572,0.191699,0,0,0.211656,0.400431,0.0482108,1.71933,0,0.187754,0,0.102244,0.0835523,0.0417688,1.05328,2.02202,0.267463,0.150757,3.19493,0,0.767315,0.665892,0,0,0.979312,0.112848,3.84197,2.59129,0.227293,0.457788,0,0.119913,0.369851
0.607723,0.784544,0.429569,0.359804,5.02985,0.681035,0,0,0.0357111,3.64804,3.34753,0,0,0.662467,2.4023,2.74426,0.116725,0.237811,0,0.0234796,0,0,0.163822,0.542042,0.0742969,0.13042,1.36845,0.0322589,0.432589,0.591809,1.67478,0.434296,0.555418,0.992548,0.0692578,0.329434,0.175282,0.269498,0,0.587502,2.95427,0,2.35133,2.69833,0.349064,4.98859,2.26935,0,0,1.21218,0.673643,0.483353,0,3.24867,0.104226,0.0738451,0.212773,0,0.371155,0,0.0665057,0.260223,1.00624,1.76511,0.650704,0.0234475,0,0,1.323,0.102044,1.10115,0,0,2.32115,0.150102,0.815593,0,0.3849,4.38144,0.237003,0.130007,0.193475,0.229352,0.713814,3.76606,2.25418,0,3.33229,0.0715939,1.42742,1.88678,0.327144,0.0837047,0.750204,0,0
2.2844,2.39917,0.260038,0.138041,2.92272,2.3027,0.194477,3.7235,0,5.22723,2.89179,0.069879,3.23281,0.12108,3.527,1.04993,0,1.48115,1.09469,1.64578,0,2.15603,0.121103,0,0.0693093,0,0,0,0,4.94199,0.255085,1.13134,2.05016,0,2.96965,0,0.0220332,0,0,0.248947,1.90863,0.602008,0.659764,2.16361,0.0374661,2.24141,0,0,0,3.40343,2.89475,0,0.114432,0.334171,0,0.432265,1.08487,0.0448276,2.58697,0.307885,0.6562,0.0737882,1.38292,0.234883,0,2.06323,0.153955,0,0,1.12094,0.181858,0.0963613,0.106684,0.115011,0,0,0,0,6.08822,4.17045,0.259757,0,0.0626048,0.440414,1.22116,0.0347785,1.78403,0.123039,0,3.39512,2.8996,0.374313,0.0404348,0,0.0152701,0.362931
0.229544,0.536064,0.4686,0.470412,0.705735,0.6496,0.752122,0,2.70705,0.333163,2.86648,0,3.31915,1.42881,1.16674,2.02834,0,1.55804,0,0.0185151,0,0,0.579743,0.122657,0.861689,0.14078,1.96539,0.1163,0.302435,0.392686,0,1.09875,2.32034,0,1.46373,0,0,0,0,0.431081,2.12519,0,0,0,0.264303,1.04444,0,0.335955,0,3.80304,0,0.279374,0.259242,2.35064,2.05528,0.179714,0,0.186855,0.484373,0.470003,0.516453,0.050384,0.733951,0.215716,0.0549033,1.71773,0.0359861,1.89245,0,0.912516,0.0697141,0.00875408,0,0.0481929,0.132476,1.13361,1.17696,0,1.80886,0,0.222023,2.15714,1.48173,0,3.12711,0.643444,0,0.67551,0,1.11644,0.287433,0.368895,0.15735,1.7663,0.845116,0.0888802
0,3.68293,0.513314,2.36742,2.08675,1.7412,2.55289,0,0,0.989901,0.404085,0,1.20244,2.20974,0,2.94349,0,4.07218,1.19162,1.17303,0.00675517,0,2.42715,0.0273332,0.459349,0.0404939,2.80952,3.01245,4.54084,0.0855262,0.335112,0.277297,0.315952,3.15195,0,0,0,1.19667,0,0.683567,4.4681,0,0,1.86424,0.34176,4.00798,0,1.69931,0,3.52768,1.12713,0.385106,0.200577,4.96423,0.109457,0.259365,0,0,0.396512,0.187668,0.127009,0.477273,0.0685635,1.00928,2.40321,0,0,0,0.519291,0,0.0325374,0,0.0898729,0.275273,0,0.305024,1.09125,0.076921,2.4557,0.190203,1.79961,2.48932,0,0,4.25965,0.554846,0,1.71827,4.36565,0.406871,1.91323,1.12619,0.196898,4.04949,2.58346,0
0.334146,3.65386,0.276657,1.58004,3.56412,0.753192,0,0,0.840497,0.205541,3.61952,0,4.9713,2.73148,0,5.61405,3.13589,1.17596,0,0.199297,0.132801,0,0.163799,0.00286654,0.149254,0,1.83782,0,0,0.33508,1.15534,1.86776,1.41287,0.546124,0,0,0,0,0,0.450587,3.82515,0.032234,0,2.92503,0.769392,5.85327,0.829812,0,0,4.31818,0.178432,0.143036,0,2.5319,0.127633,0.377986,0.0468927,0,0.414187,0.454701,0.019334,0.000324912,1.84937,0.128341,0.366061,0,1.2319,0,1.66617,0,0.140008,0,0,1.5584,0,1.64348,0,0.808307,6.8218,0.213319,2.2218,0.717676,0,0.59165,2.73944,0.31271,2.72504,3.97808,0.892299,3.08823,2.30466,0.542974,0,0.920397,0.22969,0.271119
1.57637,1.78747,0,0.0836665,2.45124,2.74834,2.88877,0,0,1.13816,2.7956,0,0.0413504,1.33305,0,2.27785,0,0,0.669967,0.2064,0.118146,0,0.354965,0.412792,0.252603,1.00603,1.334,0.911274,0.26022,0.2667,0,0.697009,0.0302737,2.52905,0,0,0.332078,0.147823,0,0.27964,4.79016,0.077288,1.2439,1.76352,0.250431,1.94208,0.00937077,0.19097,0,2.58477,1.8254,0.398132,0,2.84899,0.225887,0,0.00436889,0,0.422213,2.76967,0,0.0334464,0.468318,0,0.369787,0,0.228603,0,0.127299,0.975472,2.42949,0,0,1.88583,0.172284,1.75122,0,0.218641,4.77244,0,0.509937,0.370224,0.385953,0.171798,1.99688,0,0,1.80662,0,1.35703,0.937835,0.130631,0,1.20465,3.7211,0
1.80061,1.08368,0.233922,1.21436,2.22229,1.74673,0.439148,1.64148,0.139618,0.409831,0.380017,0.177711,1.09207,0.0238441,1.81133,0.69632,0,1.97577,0.879688,0.0493339,0.0380731,0.0424476,0.168056,0.0310136,0,0.258101,0.168691,0.575126,0,0.131942,0.082015,1.48606,0.251524,0,0.327652,0,0,0,0.0757089,0.286556,2.45056,0,0,2.75885,0.206495,1.77008,0,0.167534,0,0.930025,0.985911,0.0476181,0.355922,0.389161,0.134975,0.422322,0,0.397369,0.828888,0.396512,0.101876,0.211435,1.28999,0.619651,0.176569,0.987111,0.0178165,0,0,0,0.0486114,0,0,0,0.0192436,0.137506,0,0,2.77993,0.919273,0.00672942,0,0,0,3.45303,0.431648,0.0968357,0,1.20334,0.659123,0.383364,0.17048,0,1.47046,0.135228,0.227305
0,0.917468,0.248418,0.375384,1.30958,2.90805,0.389684,0.234607,0,0.146728,1.71262,0,3.25446,0.748048,0.0475445,5.59821,0,0.468525,0.649753,0.0282025,0,2.5655,0.800232,3.02923,0,0.201833,2.29049,0.0687404,2.01826,0.594696,0.139719,0.427102,0.0890256,0.079156,0.400944,0,0,0.0217959,0,0.515154,2.11522,0,0,0,0.136854,0,0.679124,0.0617356,0,4.07019,0,0.227725,1.88033,2.98896,0.345507,0.1748,0,0.486987,0.364739,0.232789,0.286641,0.0800594,0,0,0.0806972,1.15784,0,3.82583,0.380569,1.55627,0.824329,0,0,0.176743,0,1.15092,0.323469,0.146535,0.844547,0.34181,0.0309081,4.18924,0,0,2.7906,0.295791,0,0.321825,0.0440213,0.520395,2.10178,0.220275,0.0164791,1.72385,0.631134,0.0740081
0.388028,3.21195,0.182955,0.252552,2.81438,1.78244,0.308176,0,0,4.94906,3.94033,0,5.00819,2.06936,1.88317,6.21129,0,1.86641,0,0.323904,0.0522828,0,0.442266,0.0665726,0.021818,1.26345,1.92933,1.44659,2.7029,0.364702,0.0360935,0.611268,0.428468,0.915044,0.881791,0,0,0,0,0.258865,3.3819,0,0,0.341486,0.0773371,3.35424,0,0,0,5.40161,0.639187,0.0360823,0.223214,4.52927,0.16997,0.101512,0,0.0182993,1.5763,0.0867698,0.291406,0.627005,0.838833,0,0.241502,0,0.955041,1.6124,0.949337,3.67553,0.622622,0,0.0341717,0,0.00458865,0.143796,0.757766,0.303422,5.58623,0.163097,0.5211,2.74135,0,0.0502374,5.54285,0.192851,1.12724,2.77038,0.200613,0,3.66571,0.503182,0,2.48243,0.790964,0.120221
1.16576,2.57129,0.344249,0.0923842,5.66999,4.76636,1.87871,2.50361,0.0734871,1.53665,3.18099,0,4.09854,3.1787,3.60434,5.52916,0,0.0966339,4.28191,1.14313,0.0426772,2.8017,0.24713,0.0645491,0.258404,1.58704,0.285517,0.735629,0.273537,0.569973,0.0434637,2.00609,1.1835,0.529269,0.0747345,0,0,0,0,0.379967,4.71067,0,0,3.49659,0.0781134,0,1.31875,0.643076,0,6.31786,1.14212,0.0138203,0.0369791,0.242707,0.309598,1.35301,0,0,0.333067,0.467095,0.204508,0.516158,0,0.131295,0,1.88084,0.428043,0,0.827036,1.19157,0,0,0.0965029,1.89784,0,3.0034,0.155616,0.0502681,6.37656,2.72958,0.212532,0,0,0.21337,5.78885,0.0189482,0.667791,2.79937,0.173779,0.145385,2.5166,0.137773,0.59499,1.29306,2.07,0.0163949
1.51867,0.206009,0.220745,0,3.16,3.73113,1.83766,1.26812,0,0.905353,2.24875,0,1.04631,0.360956,3.2558,2.40101,0,0.2153,0,0.418003,0.135031,1.37333,0.157724,0.210508,0,0.0746053,2.98602,0.234378,0.371403,1.94615,0,0.271465,1.80745,0.334692,0.594709,0.529275,0.725478,0.206121,0.131993,0.295579,1.93904,1.78405,3.20487,0.813288,1.32565,0,3.82763,0.398046,0,5.18025,0.101321,0.304781,0,0.0973218,0,0,0,0,0.362059,1.91554,0.0398308,0,1.78036,0.106087,0.357737,1.5835,0.34046,0,0.124371,2.23586,0.687206,0,0,0.157255,0.0865065,2.8253,0,0,3.51177,1.97772,0.0435603,0,0,1.15087,1.65372,0.125822,1.49328,1.45028,0,1.33501,0,0.151899,0,2.8386,0,0
0,2.77908,0.181955,0.308812,1.75242,2.47148,0.125848,2.7632,0.82472,1.65834,1.96252,0,2.41772,0.182452,1.50285,4.54825,0,1.40233,0.163661,0.828231,0.479164,0.783584,0.457875,0,0.00466447,0.95484,0.616057,0.0332449,0.924149,0.0114824,0.178164,0,2.50729,0.0192831,0.291376,0,0,0.49671,0,0.206247,0.634858,0,0.852164,0.812958,0.108049,0.432241,0,0,0,1.9131,1.27416,0,0.336921,0.992293,0.0724337,0.1023,0.0232542,0.0862577,2.05356,0.332494,0.182258,0.0723252,0,0.0971525,0,1.62984,0.00683836,0,0.183728,1.37777,0.148771,0.00841605,0.12485,0.000417443,0,0.570012,0.125996,0.10579,3.11375,3.08504,0,0.16577,0.0266017,0.0221096,1.5859,0.201189,1.60498,0.538889,0,0.359032,1.16577,0.105109,0.0410739,1.15113,0.117035,0.0681006
0.176426,0.636571,0.451086,0.928074,2.58939,0.585349,0.229462,0,0,2.12938,1.9937,0,1.93388,0.647149,2.5916,3.22861,0,1.47515,0,0,0.134849,0,0.238964,0,0.228223,1.45323,0.0658302,0.292046,0,3.6727,0.203675,0.537736,1.52406,0,2.67179,0,0.847332,0.225078,0,0.640599,1.22666,0.0657741,2.30364,0.872248,2.12607,2.68722,0.996375,0.348599,0.306897,0.184871,0.837684,0.00959797,1.1612,1.33722,0.212924,0.158666,0,0,1.7782,0.071577,0.144365,0.323766,0.672005,0,0.0182588,0,0,0.206853,1.55078,0.191739,1.2018,0,0,0.170658,1.91425,1.89798,0.871203,0,2.80363,0.0351415,0,1.28627,1.10311,0.0638827,1.14123,0.314553,1.62927,1.59973,0,0.282975,1.04078,0,0.121222,2.31124,0.00920146,0
0,3.40498,0.166217,0.397046,1.56568,3.60843,0.709545,0,0.109888,0.176514,0.202533,0,0.51581,0,0,3.40814,0.97219,0.431228,0,0,0.0739533,0,0.256032,0,0.290426,0,3.65198,0.752873,1.39007,1.86639,0.835018,1.38974,3.07782,1.17799,0,0,0,0.114128,1.10862,0.0821834,1.07919,0,1.05535,0.162211,0,2.29546,0.50747,0.40122,0,1.16352,0.615261,0.603334,0.210306,2.3855,0.0622577,0.942674,0,0,0.274776,0.0344641,0.167682,1.85708,0,0,0.736552,0.0648229,0,0,0,2.70141,1.86221,0,0.785346,2.58118,0.0422545,1.71034,0.107358,0,3.39369,0.160167,1.02286,2.18436,0,0.14759,0.218078,0.379966,0,1.30546,0.138551,4.22657,0.983093,0,0.213544,1.31991,0.0378882,0
0.119839,2.51159,1.28851,0.202553,0.843427,0.524465,0.157492,0,0.0846721,1.5951,0,1.13084,0.0184675,0,0.0890508,0,1.0754,1.53845,0.108723,0.0757432,0.0918208,0,0.61142,0,0.96519,0.702936,0.0599774,2.12748,0.158442,2.41529,1.48453,1.51349,0.267409,0.960353,0,0,0.172796,0.0673062,1.75445,0.164273,0.691848,0,0.700906,0.141213,0,2.26181,0,0.357684,0,0,0.0248852,0,0.17757,0.760594,0.0390495,1.65449,0.376223,0.225325,1.7217,0.340688,0.878417,0.127497,0,0.0900719,0.910878,0,0.205878,0,0.123234,0.110656,0.193473,0,1.43005,1.98805,1.3128,0.243477,0.00231676,0.110161,2.17599,0,2.1072,0.585901,0,1.47772,0.287504,0.31075,0,1.16451,0.928633,3.84887,0.10388,0.0133472,0.131931,0,0.0756699,0
0,1.33588,0.472982,0.0529202,3.87016,0.146148,0.219418,0.228661,0,0.588231,1.37563,0,0.511849,1.48762,0.248598,2.18886,1.18936,0.281951,0,0.200535,0,0,0.134905,0,0.302879,0,0.979324,1.12083,0,0.150871,1.54392,0.00170452,0.920551,1.04149,0,0,0,0,0,0,2.74148,0.0896692,0.0635165,0.183108,0.463921,2.09439,1.02814,0.280094,0,1.19761,0.0332526,0.351041,0.877175,4.09012,0.504028,0,0,0,0.296351,0.948285,0.192384,2.35912,0,0.0622863,0.22186,0.102687,0.0323547,0,0.338788,0,0,0,0,2.0077,0.547957,1.89505,0,0,4.4731,0,0.195504,0.696912,1.38178,0.117194,2.23413,0.348728,0.659367,1.8364,0.890489,0.618307,0.0886285,0,0,3.47669,0,0
1.50725,0.618679,0.76926,1.99085,2.46016,0,0,0.22015,0,1.75025,0.163516,0.00602409,0.348779,0.0935391,1.62145,2.48145,0.0301245,0.115508,0.611744,0.61964,2.14376,0.493071,0.1856,0.0336047,0.273697,0.117557,0.233947,0.0591607,0,2.73029,0,1.49084,1.41343,0.424209,1.28681,0,0,0.0871314,0.235125,0,0.146715,0,0.119625,0.654431,1.38242,2.51167,2.08186,0,0.0355532,0.816575,0.570776,0,0,0.161204,0,0.364478,0.574792,0.233567,0,0.31486,0.123489,0,0.180005,1.36326,0,0,0,0.734742,2.44345,0.0782805,0.275057,0,0.0599156,0.152242,0.188595,0.16994,0,0,1.35042,0.747123,0,0.316781,0,1.9467,0.100489,0.10398,1.2474,2.09217,0,3.00138,0.124243,0.228549,0,0.154936,0.260188,0.231304
1.32085,0.129231,0.233893,1.08368,3.72265,2.04123,0.101915,0,0,0.794235,1.19468,0.0646117,1.12689,0.145965,1.4203,1.24557,0,0,0,2.8876,1.13352,1.41585,0.223795,0.372683,0.0480384,0.356812,1.06457,0,0,1.94825,0.350252,0.296525,1.67939,0.131497,2.01724,0,0,0,0.201249,0.320105,0.429649,0,1.58517,2.81968,1.52822,1.43671,1.79967,0,0.250636,1.85834,0.618941,0.0230049,0.279241,0,0.104383,0.831745,0,0.45542,0,0.182759,0,0.115643,0.105167,1.8414,0.104763,0,0.0928858,0.0183342,0.969665,0.121083,0.0406909,0,0.066519,0.0440926,0.240307,0.0624509,0,0,0.35933,1.02926,0.237302,0,0,2.1158,0.681829,0.18906,0.556047,0.0561316,0.0647103,3.75887,3.34821,0.25264,0.201513,0.248784,0.278841,0.488649
1.0599,1.89703,0.185712,3.787,6.25853,1.66174,0.125482,0,0,0.836593,2.9082,0,2.26879,0.344468,0.541443,2.06688,0.0303383,0,1.67931,0.26628,0,1.20155,0.235135,0.249766,0.116795,0.296224,0.163832,0.0158563,0.684431,2.40992,1.04254,0.413176,0,0.659525,0.226807,0,0,0.775765,0.0773352,0.522995,2.57429,0.0281749,1.31719,3.97835,0.532682,4.75452,0.525336,0.435482,0.339017,2.52259,1.29108,0.0364583,0.0452068,3.59361,0,0.495544,0,0.222172,0.167641,0.266678,0,0.802626,0.359276,1.00994,0.317534,0,0,0,1.59491,0.399959,0,0.261978,0.0603719,0.188055,0.283956,0.252384,0,0,2.46177,0,2.70399,1.4709,0.490614,1.53071,1.946,0,0,2.03028,1.78234,2.25753,4.03976,0.218587,0.205479,0.529458,3.21402,1.12067
0,1.68975,0,2.86053,2.49149,0.866383,0.297057,0,0.38381,0.845465,0.904543,0,2.00022,0.384703,1.3468,3.51417,0.171885,1.90895,0.016419,0.896376,0,0.25729,2.27047,0.287,0.0649671,1.03031,2.16092,0.0045098,2.92478,0.375504,0,0.516843,0.580849,0.47189,0.183631,0,0,1.03398,0.052708,0.368299,0.131032,0,0.494615,2.0254,0.285006,0.477198,0.232734,0,0.163688,4.04818,0.372616,0.210657,0,2.06597,0.224146,0.352626,0,0.267469,0,0,0.078871,0.448704,0.0240908,0.670903,0.1876,0,0.813884,1.34551,2.19602,2.03077,1.29514,0.0414757,0.0463663,0.193125,0.183472,0,0.283759,0.74742,0,0.464922,0.27437,3.21872,0,0.17917,0.60166,0,0,1.73281,0.204656,1.50562,3.19968,1.82342,0,1.7121,2.3852,0.057774
1.96641,0.107626,0.121579,0.0356022,5.76842,1.57341,0,0,0,2.58983,2.64435,0,0.387086,1.27496,2.31406,2.50841,0.737871,0,0,1.16936,0.0433209,0.0372603,0.391391,0.106228,0.0816507,0.109341,2.97588,1.80731,0.853094,0.168435,0.057541,0.100022,0,2.63397,0.0324096,0,0,1.20215,0.0898426,0.6532,2.17871,0.29482,1.44607,1.79004,0.349751,2.16392,1.24278,0,0.202692,4.01642,0.671938,1.54857,0,3.29925,0.175653,0.240323,0,0.188149,0.147786,0,0,1.39272,2.2793,1.40005,0.563253,0.312456,0,0.245708,1.10908,1.01658,0,0,0,0.0774794,0,0.155465,1.14115,0.157091,2.2772,1.45005,0.173554,0,0,1.05279,3.76382,0.0692445,0,1.96286,1.86329,0,3.9923,0.378937,0.00331413,2.92381,0,0
0.27051,0.826791,0.680651,0.338218,3.56291,2.29472,0,2.70375,0,1.24068,1.01725,0,0.762895,0,2.32562,3.19497,0,0.348571,0.833912,1.66053,1.42144,1.35001,0.195531,0,0.223786,0.00918998,0.110322,0.0630891,0,1.34125,1.87342,0.963436,1.34851,0.0814343,0.061571,0,0,0,0,0.399786,1.41228,0,0,3.43717,0.0845943,2.47008,0.422059,0,0.124195,1.82963,0.396042,0.737009,0.0387061,0.291098,0.0813261,1.93527,0,0.159881,0.43506,0.691512,0,0,0,2.79819,0,0.478415,0,0,0.231773,0,0.144726,0,0.206351,0.302686,0,0.0450919,0,0.34718,2.65783,3.17029,0,0,0,0,2.6239,0.0283465,0,0,0.0614412,3.29359,2.02982,0.0752801,0.0653845,0.163874,0.0591268,0.109431
0.980064,3.41717,0.584607,1.34279,6.66026,0.205841,0.126307,0,0,1.60182,0.811987,0,2.71603,0.24717,0.207217,5.8071,0,0.196058,0.905103,0.813012,0.115659,0,0.174436,0.187486,0,3.29276,0.282362,0.934065,1.66225,4.36969,0,0.539978,0.959478,0.168054,0.171943,0,0,0,0,0.970214,5.85923,0.000123776,0,0.22543,3.23582,3.88048,0.161195,0.00601254,0.19043,1.12223,1.61136,0.106869,1.3898,4.74619,0.213031,0.367038,0,0.121666,0.367226,0.675543,0,0.309668,0.479809,0.131309,0.0678907,0,0.0485463,0.266367,0.0557372,0.0041346,0,0,0,2.22842,0,2.45653,0,0,7.60954,0.116796,0.936157,1.40981,3.10052,0,2.81617,0.305101,3.39043,0.298325,0,0.688694,3.22384,0.41507,0.942515,6.66905,0.265083,0.219905
0.458492,4.91663,0.583339,2.73056,9.50737,0.173534,0.0357465,0,0,3.42958,4.3851,0,2.9099,3.54131,1.60429,8.44094,0,0.180337,4.96553,0.486691,0,1.36333,0.240171,0.00323711,0.110859,3.23556,0,0,1.44808,3.39448,0.0435728,0.585565,4.46787,0.254699,0,0,0,4.19922,0.102754,0.6799,4.60867,0,0,6.4396,5.22673,6.817,3.85884,3.6596,0,2.72968,0.553196,0,0.499531,1.79868,0.2366,0.342328,0.413389,0,0.568629,0.383014,0.0338174,2.77593,0.762958,0.434856,0.523557,0,0,0,1.43828,0.0697217,0,0,0.417347,2.99114,0.256006,4.15963,0.142861,0.0787979,7.46125,0.228668,0.154132,0,0,0.613642,3.589,0.291948,5.08715,6.03952,0.114957,0,3.35012,0.500941,0.333341,4.35317,0.166418,1.40265
0.516688,3.54404,0.231432,2.24007,2.19036,0.764781,0.0426945,0,0,0.509679,0.199065,0,0.847981,0.606338,0,3.77208,2.05454,1.26273,0.429672,0,1.71705,0.430616,1.30877,0,0.264383,2.08831,0.7083,0,0.0237146,3.92674,0.348062,1.15662,2.03964,2.12104,1.91406,0,0,0.297122,1.34649,0.520996,1.09729,0.230798,2.1317,0.337614,2.61724,1.77357,1.55394,0.0378888,0,1.64937,0.155437,0.18155,0,1.2884,0.263307,0.265117,0.358898,2.58109,0.501583,0.243895,0,0,0,0.346468,0.521604,0,0.833245,2.13843,1.93255,0,0.416966,0,0.157398,1.46142,0,0.203652,0,2.17391,5.20721,0.494951,0,1.31097,0,2.75364,0.520712,0,1.47688,5.60949,0.196877,4.42345,1.10129,0.527115,0.0145622,1.75931,0.148191,0.208975
0,0.217555,0.216326,0.191856,5.50842,1.42118,0.582802,0,0.961472,2.38641,3.03884,0,0,3.37069,2.0767,0.818626,0,0.101723,0,0,0.182265,0.098256,0.408353,0.405848,0.0748228,0,1.46169,1.28113,0.250811,0.20255,2.38847,0.516257,2.27476,0.432234,0,0,0.076398,0.267171,0,0.225671,3.08021,0.353574,0.250613,4.53461,0.199187,2.00332,1.80246,0,0,4.80543,0.0867149,0,0,1.64411,0.0796463,0.0330398,0.00191905,0.163344,0.675529,0.338202,0.0351118,0.170157,0,0,0.469512,0,0.0152274,0.10443,2.15486,0,3.01527,0,0,2.46983,0.17801,0.442321,0,3.2278,2.99764,0.068734,0.0441676,0.0127939,0,0.221761,3.89496,0,0,1.13735,0.523623,0.519453,2.9182,0.264102,0.135441,0,0.698777,0
0.0742927,0.749172,0.412936,0.184489,3.33531,1.101,0.401055,0.632634,0,3.14856,1.84602,0,2.34984,0.0930871,2.58219,0.216896,0,0.944343,0,0.282318,0,0,0.1392,0,0.323359,1.40635,1.48299,1.40766,2.69536,0.140577,1.32444,0.0310978,1.95326,0,0.0758146,0,0,0,0.162993,0.670278,3.04082,0,0,0.939861,0,2.04476,0,0.492425,0,4.10742,2.02909,0.82051,0.125351,0.718769,0.164281,0.521202,0,0.298522,0.0681573,0.498538,0,0.607282,0,0.739018,0,0,0,0,0.219821,0,1.17263,0,0,0.0638267,0,0.893742,0.134199,0.372216,4.31117,0.357501,0.435107,0.503755,0,0,3.39373,0.369658,0,0,1.11165,2.20906,1.4213,0.738381,0.132273,2.07456,0.965784,0.0544638
0,1.90003,0.50094,0.392714,3.13202,1.21996,0.151953,0.0618043,0,2.52417,0.704633,0,2.00894,0.203356,0.13783,1.89416,0,1.02361,0,0.0654296,0,0,0,0,0.0233342,2.73067,0,0,0,3.60548,0,0.175453,1.97636,0.145769,0,0,0,0.0883374,0,0.784012,2.84594,0,0.582992,0.0965699,0.670446,4.11807,0.455437,0.157534,0,0,1.37039,0.36006,0,2.0352,0,1.534,0.270574,0.371116,1.73293,0.388753,0.114367,0.354063,2.01772,2.03768,0.0634241,0.556544,1.70397,1.87181,0.059223,0,0.847879,0,0.0801792,0.719794,0.0793838,1.85608,0,0,3.69168,0.0642593,0.275087,3.39376,3.41409,0.111246,2.65958,0.377953,2.70069,0.292881,0.315423,0.904279,2.14936,0.525827,0.111838,2.53532,0.206601,0.0983272
0,0.0874763,0.352021,0,5.05506,2.93883,0,0,0.0843041,3.68998,2.37319,0,0.976086,0.220121,0.446549,3.43476,0.378419,0.193273,2.72658,0.193037,0.143088,0,0.500476,0,0.0434421,0.69946,1.12856,1.31214,0,3.69781,0.356794,0.490448,4.4973,0.29377,4.23706,0,0,0.141552,0,2.00696,1.9211,0,5.72039,0.959936,0.276386,1.02934,1.57104,0.212646,0,3.39273,0.147421,0,0,0.323152,0.338503,0.152278,0.371206,4.09813,0.959015,0.208079,0.200908,0.31433,0.510833,0,0.506795,1.60698,0.317027,0,3.00853,0,0.00282858,0,0.368042,0.422425,0,0.333642,0.192557,0,5.24951,1.78547,0.31107,0,0,0.529201,5.3237,0.167114,1.87081,3.71004,0.498727,4.08731,1.65713,0.933721,0.440001,1.05632,0.0393058,0.203461
0.555328,1.15517,0.480186,0.371633,0.746751,4.25575,3.18387,0,1.67397,0.385787,0.400325,0,2.98452,1.92353,0,3.64451,0,0.173529,0.835616,0.84352,0.208948,2.40989,1.10817,0,0.137315,2.2279,1.65989,0.704585,0.942075,0.639515,0,0.32192,0.0719679,3.42109,0.116051,0,0,0.292909,0,0.353964,5.98024,0,0.70858,2.62812,0.30796,1.52759,1.92192,0.152648,0,5.5337,0.133565,0.0950924,0,3.92817,0.254414,0,0.0337365,1.41271,0.732721,0.363006,0,1.03898,0,0.181001,0.547908,0,0,0.111874,0.412797,0.20659,0.949152,0,0.13282,1.16359,0,0.421944,0,4.04487,3.94556,1.48846,0.240368,0,0,0,6.5136,0.863902,0,4.80765,1.83561,2.24212,1.65554,0.30495,0,3.43668,0.237973,0
0,2.60305,0.340882,0.298318,5.56089,3.94127,0,0,0,0.824061,5.19113,0,1.36695,2.89949,1.33703,3.7363,0,0.602962,2.39119,1.92016,0.205089,0.670132,0.506675,0.344954,0.265195,0,1.95869,0.405497,0.250128,0.0834054,0.603768,0.674182,1.39832,1.00721,0,0,0,3.26573,0.221303,0.185918,1.72481,0.16195,0.215632,3.7972,0,2.03165,2.94078,0.292928,0,5.77568,0.41036,0.0377515,0.0206796,1.73214,0.0881244,0.147468,0.109161,0,0.502749,0.25784,0,0.18715,0.739392,0.0445216,0.219772,0,0.00426729,0.0925028,0.385846,0.693291,0.0652637,0,0,1.14102,0.257735,1.89771,0,0.250167,3.45497,0.0897024,0.661778,1.24474,0,2.9672,2.5944,0.0390176,0.0829069,3.48926,0,0.614351,2.51675,0.517253,0.22238,1.02775,0,0.025644
0,1.62834,1.42131,0.0623595,2.29603,1.47065,0.37732,3.18526,0,1.63473,0.685904,0,1.9092,0.00755082,0.581214,1.37176,0,1.44092,0,0,1.6,1.09863,0.125805,0,0.0517605,0.320206,0.11822,0.276364,0,1.88522,0.894125,0.526945,1.53848,0,0.877391,0,0,0,0,0.248659,0.666906,0,1.74673,2.10881,0.0386672,1.57617,0.0341528,0,0.254966,0,1.12886,0.0371545,0.148198,0,0.0161511,1.78969,0.148832,0.285339,1.3081,0.538788,0.122751,0.111907,0.0391646,0.890598,0,2.44532,0,0,0.436995,0,0.191099,0,0,0.885583,0,0.152622,0,0,2.89804,1.89769,0.473679,0.126325,0.0552225,0.156082,1.05628,0.197895,0.124083,0.0375503,0.164624,2.26849,1.4871,0.0492066,0,0.162522,0.191392,0.177653
0.0823198,2.41094,0.366643,0.329906,2.89915,5.34213,0.992083,0.0765975,0,1.50957,2.59711,0,0.876438,0.400587,0,1.44462,0,1.1059,0.264816,0,0,0.0311995,0.29403,0,0,1.36247,0.150991,0,0,3.05741,0.348495,1.94199,3.33329,0,2.06842,0,0,0.377926,0,0.389524,1.91472,0.060429,0.6328,3.60221,0.0594904,1.48492,0.255566,0.0739141,0,4.54983,0.936868,0,0.254171,0.986363,0.173125,1.072,0.303075,0.161741,0.212526,0.332772,0.369305,0.283511,0.206228,0.0404892,0.00179114,0,0,0,0.0188017,0.0808052,1.10361,0,0.395761,0.0140969,0,0.154947,0,0,3.4033,0,0.603647,1.22447,0,0.335637,0.89229,0.559725,1.14183,0.166593,0,3.89266,1.72046,0,0.153702,0.358307,1.23751,0
0,2.30697,0.343537,0.603055,0.905636,4.22428,1.86203,0,2.50553,0.303109,1.8296,0,3.53633,2.22098,0.0288836,4.57167,1.92785,0.242326,1.85094,0,0,0.524024,0.776568,0.0841434,0.194034,0,4.75287,0,0,0.454454,0.530575,0.236402,1.30401,0.248924,0.165216,0,0,0,0.781545,0.343642,0.808783,0,0.185865,0.193889,0.287607,0,1.01622,0.297156,0,5.33495,0,0,0,4.40318,0,0,0,0.0777604,0.358016,0.352233,0.261072,0.623049,0.0221059,0,0.136276,2.83822,0.310755,3.06181,1.78085,2.77886,2.07253,0.659465,0.178376,2.26706,0.187135,0.858338,0,0,1.13749,0.0264537,2.29959,2.53714,0,0,3.20885,0.256363,0,2.3795,1.70538,3.20078,2.54152,0.185206,2.03978,0.805401,2.98085,0.0642706
0,1.4349,0.487871,0.451854,2.15629,4.24253,0.0633508,0,1.38651,0.406085,3.2679,0,4.43597,2.75926,0.772441,0.88246,0,3.87743,0,0.243265,0,0.00397599,0.159027,0.0996068,1.54253,0.121553,1.75238,0,1.44636,0.0545967,0.538201,0.711282,0.489031,0.360321,0.318679,0,0,0.627517,0,0.112415,2.00563,0,0.076662,2.45962,0.278149,2.58112,0.0133474,0.890528,0,5.52104,0,0.212331,0,1.5373,0.149427,0,0.0561269,0,0.550245,0.16643,0.32936,0.378017,1.78606,2.73855,0.114749,0,1.82341,2.99827,2.45386,0,0.64194,0,0,0.216766,0.00533866,0.171562,0,0.354328,0.940449,0.173234,0.0570664,2.68123,0,0,2.73519,0.140329,0,0,4.34986,2.23912,4.40373,2.06492,0.141099,0,1.64881,0.164936
0.384743,0.804791,0.267784,0.201802,2.59255,0.383578,0.0702262,0,0,0.207399,1.46519,0,0.492882,2.03688,0.689673,1.34774,0.637227,0.204834,0,0,0.201133,0,0.289524,0.0480049,0.34908,0,1.6679,0.509204,0.739989,0.472028,1.49672,0.250635,0.37223,0.442743,0,0,0,0.839722,0.0500967,0.0153281,1.82574,0.125068,0.131915,0.267796,0.789761,0.8952,1.46419,1.51546,0,0.577198,0.133249,0.815508,0.47033,2.2926,0,0,0,0,0.771066,0,0,1.87191,0,0,0.136326,0,0.82237,0.077369,1.08012,0,0,0,0,0.293596,0,0.761759,0,0.164235,1.60672,0,0,0.220581,0,0.105682,0.00445354,0.0312135,0,1.14157,0,0.769815,1.99327,0.151702,0.0028261,2.61911,1.43845,0.774512
0.608972,0.666765,0.166736,0.124584,2.50391,1.76303,0.727472,0,0,2.10872,1.81021,0.155138,0.571582,2.23894,1.92819,0.0999963,0,0.72033,0,0,0,0,0.0311328,0,0.0669289,0,0,0,0,0,1.59814,0.787914,1.34936,0,0.099584,0.0946566,0,0.131579,0,0.132069,2.8469,0,0.00654755,2.45877,0,1.70574,0.0484675,0.0857186,0,1.54208,1.80118,0.0394182,0.150775,0,0,0.703498,0.0761409,0.138792,0.198974,1.11797,0.263327,0.102678,0.57319,0.466644,0.0525451,1.05881,0.0736515,0,0,0.0104136,0.774217,0,0.0595778,2.08475,0,0.084185,0,0,2.33848,0,0.0516513,0.100795,0,1.45523,1.84465,0.241543,0.103486,0,1.28891,1.89255,0.585768,0,0.100466,0.107793,0,0.204494
0,4.34214,0.439302,0.152817,1.76585,2.96319,0.695862,2.50613,1.10846,1.40975,2.06628,0,1.73374,2.28778,0.233708,3.52463,0,0.168933,1.52119,0,1.14682,0.553056,0.334127,0,0.128683,1.20896,0.0091052,0,0.840982,0.0626617,0.466712,1.30709,2.33633,0.0879406,0,0,0,0.598347,0,0,1.65754,0.158261,0,1.40992,0.905823,0.714517,0,0.432473,0,3.74967,0.237227,0.185004,1.85426,0.200902,0.0231633,1.74306,0.00484857,0,0.258984,0.234482,0.155411,0.533027,0,0.0679768,0,1.53054,0,0,0.225252,0.0758277,0.101821,0,0.102207,1.0266,0,1.96223,0,0,4.118,0.584565,0,0.268878,0,0.699409,1.69554,0.357367,0.788313,1.63718,0,1.60481,0.771729,0,0.219092,1.65467,0,0
1.45945,5.66396,0.321844,1.15181,0.0945714,0.199461,0.111862,0,0,2.19946,0,0.133961,1.26015,0.136636,0,5.81406,1.06215,2.07063,1.75499,0.0058489,0.0280932,0,4.30397,0,1.55761,2.67868,1.36799,0.496776,2.47663,1.12111,0.319501,1.64534,0,1.02423,0.0835597,0,0,1.82618,0,0.0401242,0.764769,0,0,0.192511,0.179372,2.63349,0,0.281894,0,1.52718,0.291746,1.28919,0.262908,5.17526,0.21109,0.341471,0.0385255,0.0568341,2.00846,0.0469671,0.299357,0.0970799,0,0.0487629,2.6492,0,2.13706,0.477605,0.18983,3.83322,0.0535563,0,0,0.230227,0,0.0817273,0,0,3.39224,0.885227,0,3.16039,0,0.108306,1.10564,0.517871,0,3.66617,0.837272,1.77382,0.91597,0,0.605166,3.77869,2.96172,0
0.928428,0.291418,0.363032,0.725901,0.3973,1.63335,0.730173,0.854667,0,0.197183,0.721032,0,0.676578,1.26767,0,0.920408,0,1.16556,0.2192,0.0737824,0.880259,0,0.225597,0,1.4659,0,1.2791,1.4505,1.29738,0.275869,0.031964,1.33288,0.12353,0.502356,0,0,0,0.456928,0,0,1.76844,0,0,1.46847,0,1.08703,0,0.430244,0,1.27464,0.18976,0.568606,0.770728,0.785087,0,0.0663193,0.170642,0,0.523841,0,0.212568,0.462564,0.14633,0.145533,0.983431,0,0.126203,0.904091,0.19232,0,0.233611,0,0,0.664313,0,0.106993,0,0,0.512874,0.131818,0.0686126,0,0,0,1.43752,0.0830997,0,0.1028,1.55874,0,2.20948,1.76942,0.100319,1.80129,0.584028,0
0,0.152419,2.35782,0.0973838,1.71658,0.0213801,0.00622627,1.28553,1.01899,2.81156,2.09582,1.08323,0.880516,0.547595,0.100267,1.19416,0,0.104429,0.644418,0,0.164069,0.627236,0.204375,0.0836366,0.274048,0,0.169676,0,0.0467364,0.238696,2.29803,0.658571,0.18702,0.084144,0,0.015043,0.0708352,0.0815497,0,0,1.20714,0.0215731,0.131948,0.560592,0,3.37586,0,0.276294,0.830423,0.143542,0.983461,0.12415,0.116707,0.425129,0,0,0,1.89013,0.286304,0.0335486,0.228194,0.19846,2.23892,0.133788,0.103076,0.430037,0.251614,0,0,0,0,0,0.0202006,1.35869,0.0748202,0.00894771,0,1.13176,1.56844,0.0193297,0,1.13423,0,1.14425,2.20536,0.0943344,0,1.15821,0.217684,0,0.555122,0.036893,0,0.341316,0.0299115,0.0021052
1.16753,0.804393,0.155049,0,1.0792,0.194492,2.46733,0.449632,0,0.234111,0.049162,0,1.74816,0.817888,0.221025,0.924542,0.0402281,0,0.152811,0.125239,0,0.879109,1.0204,0.0767594,0.0577486,0.766486,0.398511,0.12033,1.43636,0.365332,0,0.313227,0,1.5601,0.908452,0,0,0,0.132228,0.217921,2.23176,0,0.0109963,0.589686,0.0365662,0,0.246015,0,0.233451,2.76944,0.152911,0.0660709,0,0.585862,0,0.275362,0,0.137877,0.0416566,0.37995,0.0768999,1.19749,0,0,0.104395,0,0,0,0.154809,0.225838,0.0385752,0.0654723,0.127336,0.306531,0.345876,0.0929544,0.529032,0.452083,2.22996,0,0.0541141,0.000559998,0,0,1.91342,0.0965336,0,1.39138,0.837197,0.83865,0.0157884,0.0820178,0.271219,1.57556,0.101325,0.082371
0,0.491161,0.453857,0.966469,4.46235,1.60984,0,0,0,2.32188,2.43416,0,0,0.089674,2.4163,3.26542,0.225626,0.0247954,0,0,0.236664,0,0,0.172261,0.0829714,0.146511,2.34552,0,0,0.188016,0.512641,0.662665,2.21731,0.57948,0.695741,1.72292,0.339627,0.292917,0.512001,0.160752,0.00695653,0,2.1908,1.98313,0,2.20785,3.96003,0,0.171736,2.1302,0.160314,0.0192886,0,0.0319355,0,0.193243,0.0429211,0.211669,0.0691795,0.364061,0.0369639,0.202995,0.0564041,0.991112,0.38719,0,1.35383,0,1.21137,0.0501941,2.56187,0.105671,0.196176,0.869277,0.0303144,0.791817,0,2.11256,1.68559,0.299165,1.79988,2.75619,0,2.06175,1.10471,0.439535,0.230672,3.75468,0,3.22229,0.263217,0.328533,0.263768,0.161344,0.81253,0
0,2.08641,0.070958,0.116559,6.94237,0.772028,0,0,0,3.22444,3.76476,0,0,0.151619,2.32305,4.05859,0.0144341,0,0.00538429,1.59135,0,0,0.462745,0,0.21915,0,3.99222,2.1022,0.126844,0.120941,0.0352627,0.249634,0.119511,1.72495,0.261068,0,1.42474,0,0.0785789,1.46968,0.641957,0,0.86639,1.25775,0.264413,1.67792,2.76418,0,0.253517,1.33454,1.77222,0.628813,0,4.99976,0,0.245644,0,0.231878,0.120895,0.334692,0.0224805,2.60255,0,0.181119,0.25426,0.0883256,0,0,0.604345,0.108774,0.0421712,0,0.274659,1.0048,0.193532,0,0,0,3.81928,0,1.93194,3.43712,0,0.944153,5.32494,0.277519,1.66252,3.97231,1.17552,0.654823,0.19229,0,0.185448,1.58091,0.182505,0
0.169268,2.70105,0.0120533,0,3.49588,2.57783,0.515962,0,0.290034,0,1.65161,0.0806384,0,0.192319,0.585189,2.6222,0,0,0,1.05377,0.0978138,0,0.0296911,0,0.0204826,0.0644303,3.46633,0.656201,0.887262,0.177987,0.189421,0.210369,0.709624,0.768891,0,0,0.372793,0.373829,0.205191,0.205507,1.36081,0.0401465,0,0.559143,0.168244,0.361763,0,1.14842,0.100059,2.68903,0.700379,0.918894,0,2.03157,0,0.26281,0,0.0912276,0.280253,0.102457,0,3.95716,0,0,0.386959,0,0.00726254,0.131616,0.314098,1.23465,0.406151,0.107914,0.135294,1.53895,0.00646884,0.022984,0,0,2.33029,0.996735,0.493253,1.13868,0,0.223655,2.47679,0.0612079,0.254322,2.21426,1.23832,2.22429,1.82286,0.234217,0.206967,0.658682,0.421629,0
0.28576,0.271518,0,0.0467692,2.11537,0.171176,0.844106,0,0,1.22318,0.824696,0,0,0.150139,0,0.447766,0,0,0.0380758,0.0193923,0.13638,0.596807,0.162664,0.069332,0,0,1.79053,0.168608,0.200557,0.142373,0.399531,1.10976,0.0723843,1.2149,0,0.0650865,0.724213,0.126347,0.0630763,0.115332,0.248379,0.172289,0.637126,0.487141,0.0315746,0.804258,1.9044,0.204236,0.042754,1.99954,0.21088,0.908779,0,0.603453,0.11715,0,0.207195,0.343883,0.242578,0.0477768,0,0.49547,0,0.00724684,0.239648,0,0.238664,0,0.240756,0.260561,0,0.0604869,0.028503,0.412104,0.126555,0.062012,0,0.364647,1.4653,0.477103,0.167273,1.03537,0,2.04824,0.515776,0.0358828,0,2.03806,0.857436,1.30152,0.245182,0.160117,0.0824942,0,0,0
0,2.40618,0.232322,0,3.11919,0.595529,0.197283,0,0,3.16812,2.09626,0,0.452876,0,0.758402,2.35471,0,1.90105,1.10063,0.0405863,1.04765,0,0,0.0269107,0.281029,0.122797,0.273697,1.04902,0,1.60685,0,0.0708927,1.15166,0.531178,1.16959,0,1.80673,0,0.441399,2.1432,0.233625,0,1.59915,0.132257,1.06227,0.586604,0.359469,0,0.237031,1.8134,0.29279,0,2.12359,0.0243709,0,1.47221,0.124838,1.45992,1.06931,0.392219,0.0798635,0,0.0312832,0.00506128,0.0548465,0.599565,0,0,0.962523,0,0.0112773,0.043505,0.37909,1.36956,0.910181,0.755225,0,0.472419,4.50294,0,2.22919,0.792585,0,2.18127,3.41549,0.0500371,2.77729,3.79288,0.057431,3.35066,0.144689,0,0.0365045,0.248679,0.207531,0
0.757577,1.37603,0.581544,0.0543584,1.33468,2.8959,0,0,2.1995,0.204442,0.415739,0,1.45434,0.0135328,0,1.10369,0.0171158,1.60597,0,1.56719,0.273402,0.502568,0.110993,0.110428,1.16443,0.21756,3.61488,0.0805291,0,2.84463,0.00106801,0.295919,0.175976,0.228173,1.7007,0.329017,0,0,0.0534572,0,1.69433,0,0,0,0.125968,0.730659,0.219831,1.02857,0.0128116,1.96001,0.131317,0.4915,0,4.17109,0,0.113716,0.0834444,0,0.266077,0.37075,0.109573,2.81103,0.257964,1.02942,0.269208,0.461117,0.169304,0,1.20654,0.041095,0.192116,0.0327986,0.0070423,0.33628,0,0.109186,0,0,0.612867,1.02077,0.0299718,0.501164,0,0,1.67491,0.545535,0,0,1.19645,3.37187,3.03336,0.114137,0.24463,1.89903,2.07757,0.198834
0.0686304,0.683802,0.43595,0.0555075,5.92864,3.25489,0.0766675,0,0,1.10708,1.65414,0,0.0369485,0.161202,1.49165,1.21053,0,0.598289,0,2.09662,2.35445,0.460636,0.250054,0,0.171493,0.0103157,3.92812,0.0690058,0.0849291,1.40104,2.30721,0.550674,3.23875,0.398793,0.319522,0.129778,0,0,0.0833037,0.039707,1.38158,0,0.156838,2.65942,0.052937,0.866706,2.09746,0,0.383121,3.07421,0.349228,0,0.086522,0.303959,0.18147,0.459661,0.0864499,0,0.304761,0.377891,0.225279,0.998597,0,1.62362,0.122109,0,0,0,0.498736,0,0.165254,0,0,0.204006,0,0.12304,0,0.665836,1.55685,0.28457,0,2.20141,0,0.367128,0.23379,0.0582971,0,0,0.27798,5.29434,4.75023,0.0182889,0.259862,0,0.20498,0.09294
0,0.779551,1.34209,2.94192,3.27479,0.624092,1.29415,0,0,2.41678,0.805853,0.24553,0,0.0546949,0,0.894464,0,0,0.0429545,0.0402803,1.27234,0,0,0,0,0.894048,0.244188,0,0.157435,3.18335,0.998717,0.203406,0.456889,1.96166,1.27977,0,0.238299,0.101881,0.905656,0.186499,0.989461,0,1.23405,1.9378,1.15443,2.44849,0.279592,0.0168342,0.151767,0.861404,0.354587,0.0281305,0.525226,0.156181,0.574081,2.09268,0.0234531,0.31948,0.473241,0.23178,0.321687,0,0.0155589,0,0.0786139,0,0,0.200188,0.293491,0.102377,1.33339,0,0,1.31841,0.1982,0.372619,0,0.0600719,3.61049,0.156425,1.35966,1.52534,0,3.07362,0,0.376555,0.222372,0.8776,0.161362,4.29039,0.300087,0.519741,0.171123,0,0.312871,0
0,0.242995,0.122437,0.190517,3.07541,0.830829,0.427312,0,0,0.17413,1.37556,0,1.0995,1.95054,0.0653568,0,0,0.0114659,0.843827,0.719228,0.735028,1.06206,0.284492,0.128625,0.063923,0.0233095,0.195673,0.113541,0.287869,0,2.11714,0.282303,0.993786,0.347044,0.112045,0.296167,0,0.435664,0.0524362,0.0552517,1.84085,0,0.0076245,1.43491,0.642063,0.927786,0.941291,0.364552,0.119887,2.40757,0.103586,0.313938,0,0.152117,0,0.691546,0.133514,0.129438,0.333565,0,0.148136,0.280984,0.185278,0.253883,0.197968,0.646514,0,0,0.38894,0,0.0254994,0,0,1.59509,0.122234,1.52945,0,0.0835105,2.85763,0.295958,0.329344,0,0,0.423149,1.52242,0,0.094526,0.123867,0.860967,1.34798,1.15834,0.363319,0.586299,0.744987,0,0
0,2.73645,0.365882,0,3.0408,2.54539,0,1.63114,0.293366,0,1.42412,0,2.58618,0.0211651,0.228773,4.50891,0.0566318,0.253964,0.654856,1.45417,0.00713944,1.89998,0.114443,0,0.199522,0.315725,1.3851,0,0,1.64876,0.0159104,0.320867,1.17555,0.10185,0.0764045,0.048176,0,0,0.0997134,0.0588093,0,0,1.12597,1.68408,0.0898365,0.267789,2.64413,0.14634,1.08484,1.40271,0.811755,0.18408,0.538567,2.9575,0,0.211849,0,0.0388792,0,0.552909,0,0.631742,0,0,0,1.25456,0,0,0.211822,0.537115,0,0,0.205227,0.349088,0,0.974459,0.0343225,0,2.57571,1.76238,0.204899,1.84491,0,0,2.35858,0.136194,0,2.34428,0.0346933,2.9315,0.216338,0.0770336,0.877769,2.34321,0.198449,0.218463
1.98298,1.3444,0.628895,1.41411,1.71946,2.98718,0,0,0,0.0409188,2.07152,0,2.89655,1.22787,0,3.11171,2.33386,1.36859,0,0.0491387,0.0846454,1.57504,0.797819,0,0,0.173974,2.83703,0,0.0173583,0.211086,1.18321,1.1121,1.57549,0.172007,0.216386,0.042471,0,0.830798,0,0.248574,0.788441,0,0,1.35469,0.140159,2.16107,0.855072,0.0949391,0,3.77666,0.200947,0.0678542,0.296869,0.923666,0,0.150265,0.00214523,0.00175936,0.121079,0.241692,0,0.148316,0.683558,1.73119,0.00925922,0.298165,1.17097,2.16964,2.26215,1.35163,1.70043,0,0.2115,0.260056,0.0679712,0.134018,0,0.0381573,1.20616,0.213201,0.234454,2.10792,0,0.832918,0.317428,0.19882,0,1.35597,2.92567,3.65889,3.77879,0.275464,0.638936,0.024519,2.4086,0
0,2.03491,0.314498,0.0816012,2.7403,2.57231,0,0,0,0.227097,0.54922,0,2.08657,0.390273,0.172054,2.67029,0.586999,0.333097,0,0.00450144,0.0290276,0.123658,0.282396,0,0.1502,0,5.43385,0,2.94583,0.320801,0.519561,0.168099,1.35559,1.4107,0.04644,0.155187,0,1.301,0,0.0880321,1.87118,0,0.164825,0,0.125926,0.673588,0.0808207,0,0,4.00688,0.471344,0.51099,0,2.80134,0.0173755,0.242494,0.0688039,0.136667,0.476913,0.235845,0.12468,1.28789,0,0.974289,0.349057,0,0.927646,0.689007,0.88867,0.984391,0.237261,0,0.0591623,0.290477,0.136241,0.00992758,0,1.14166,1.61676,0.0822449,0.108078,2.3661,0,0,0.776407,0.359792,0,0.29545,1.85067,3.14095,4.64275,1.91644,0.24356,1.16406,0.808417,0.305091
0,2.81182,1.93246,0.225591,5.56059,2.44074,0,0,0,1.88042,2.78836,0,2.24254,0.454897,1.28708,4.44855,0,0.0828849,0,0.0573939,1.51886,0,0.137509,0,0.17565,2.09323,1.3383,0,0,3.70984,2.04486,1.70361,6.72098,0.294112,0.317348,0,0,0.0196727,0.0686702,0,0.0903932,0.350386,0.541131,1.67326,4.38571,3.35392,1.6202,0,0,3.01293,0.279597,0.160051,0,0.147735,0,3.67278,0.0973327,0.106481,1.43167,0.443345,0,0.134807,1.64619,0.095481,0.279133,0.0466355,0.700103,0.220109,0.620113,0,1.53275,0,0,0.798013,0.0742586,1.76218,0,1.70305,6.25088,0.161234,0,2.37114,0,2.07217,2.53861,0.343869,3.20175,1.41496,0.272009,3.55704,0.328988,0.428981,0.175303,1.38413,0,0
0,0.504423,0.322658,0,2.30858,1.84815,0,0,0.0658055,0.372746,1.6131,0,1.58198,1.00395,0.0196393,0.0328007,0,0.130907,0.298906,0.98801,0.356495,2.2949,0.123576,0,0.0192982,0.0896675,1.70266,0.337583,0.260953,0.452943,2.33639,0.284716,0.117145,0.579241,0,0,0.844141,0,0,0.124258,1.8984,0,0.807554,0.748438,0.103041,0.913225,2.85616,1.83797,0,3.83234,0.270525,0,0,0.203861,0.021263,0.100062,0.126846,0.0533261,0.460075,0,0,1.04184,1.6115,0.12824,0.382598,0.381205,0,0,0.0783111,0.10122,0,0,0.0423281,0.736002,0.43129,0.821642,0.186404,1.07454,3.58534,0.631965,0.144993,0,0,1.35749,1.07256,0.179014,0,1.21636,0.111657,3.04228,0.932632,0.0146085,0.0359171,0,0.134307,0
0.882348,0.0255331,0.385988,0.196557,0,0.041162,0.000677629,1.18609,0,1.22105,0,0,0.191187,0.00376846,1.84876,2.8969,0.111596,1.07785,0.961025,1.00788,0.293963,0,0.677655,0.0420737,1.08687,2.57296,0,0.0503791,0.871346,2.76636,0,0.0153723,0,0.823181,3.11969,0.147207,0.449447,0,0,0.053551,1.51075,0,0.914582,0.110883,0.157021,0.0733929,0.0820546,0,0.0707206,0.697346,0.253408,0.00928147,0.680405,0.938072,0.529039,0.263165,0,1.65842,0.604843,0.234519,0,0.641199,0.0628908,1.95465,0,0,0.844979,2.09018,0.575537,0.00512878,0,0.0564107,0.122276,0.189476,0,0.149845,0,0.701688,2.93566,3.16513,0.0344453,0.537498,0,0,1.9528,0.203356,0.779036,1.79347,0.0627433,2.31855,1.42741,0.204657,0.276746,0.996748,0,0.0321031
0,2.63791,0.439904,0.0105883,2.96337,3.01096,0.520161,0.811879,0,0.244796,1.91315,0,2.59087,0.661349,1.61205,4.96524,0,1.92187,0,1.17918,0.216228,0,0.990853,0.131923,0.105668,1.47589,3.13846,0.270489,0.979105,1.30465,1.73074,0.112927,1.77551,0.480852,0,0,0,0,0,0.0656389,1.67405,0.4553,0,0.408091,0.0830391,0.0584461,1.65262,0,0,5.79507,0.146383,0.414107,0.948523,1.42054,0.303862,1.68863,0.0858416,0.0793718,0.594497,0.135433,0.14657,2.13772,0,0.0320204,0.0172955,0,0,0,0.0370555,0,0.278404,0,0,0.232392,0,0.41957,0,0,3.65334,2.23454,0.308461,1.61521,0,0,2.25587,0.327949,2.3321,1.81133,0.32773,3.02705,0.805473,0.324235,1.08947,2.70291,0,0.148647
0,3.59241,0.488515,0.181026,4.14457,1.18225,0,0,0,0.127776,2.72793,0,0.123316,0.233945,1.11818,2.15198,0,2.22107,0,0.67873,0.159533,0,0.228866,0,0.09967,0.289154,2.42827,0,0.555789,0.89664,3.78505,0.282572,1.39271,0.265366,0,0,0,0.949386,0,0.219672,0.199671,0,0,0.261489,0.0780025,2.33527,0.323704,0.337451,0,0.994376,2.48992,1.10534,0.0300147,2.47669,0.0522598,0.564857,0.426808,0.093677,0.34259,0,0.273091,0.527721,0,0.400203,0,0.0195375,0,0.0101917,0.397517,0,0.0697468,0,0,1.97577,0.0879035,0.437709,0,0,3.45742,0.273012,0.277564,3.92974,0,0,2.2352,0.315668,0,0.397323,1.02321,3.72744,1.98507,0.226445,1.09558,1.91774,0,0.168609
0.417265,0.827039,0.136441,0.182743,3.34602,0.175865,0,0,0,2.04257,1.75246,0,1.41415,0.750937,0,1.94022,0,0.182787,0.441644,2.04214,0.312496,0,0.118367,0,0.28103,1.97467,0.199118,0,0.000846958,2.53774,0.078939,0.330834,2.03213,0,0,0,0,0.695472,0,0.144736,0.414456,0,0,0.0373986,1.31521,1.62685,0,0,0,0.0978265,0.0073542,1.02428,1.14944,2.19031,0.0433811,0.467825,0,0.0612139,0.50655,0,0.0149752,0.261658,1.18304,1.74911,0.36256,0,2.28698,1.17502,0.674988,0,0,0,0,0.31651,0,0.524733,0,0,2.47213,0.119258,0.131525,2.9698,0.0431718,0.226263,1.50867,0.158887,1.86481,0.23943,0,0.057568,0.325916,0.341077,0.161034,2.11846,0.135049,0
0,0.909346,1.52676,0.614914,4.52628,0.131771,0,0.77549,0,2.67828,2.0518,0.938029,1.28281,0.599252,0.284229,1.03151,0,0,0.612136,0.31085,1.06731,1.12803,0.112885,0.0451339,0.0227166,0,0,0,0.231611,0.611207,1.74264,0.489213,0.0350768,1.42425,0,0.058032,0,2.03408,0,0,0.0908798,0,1.2553,1.75067,0.512066,2.90109,2.02802,0.193245,0.0227011,0.0401289,0.134605,0.249968,0.331564,1.37185,0.201917,0.145934,0.150899,0.111301,0.387111,0.195842,0.232337,0.0736558,0.711127,0,0.408111,1.00823,0,0,1.23126,0.13063,0,0,0,0.981831,0,1.23283,0,0.141684,3.49369,0.118289,0.510954,0.0635817,0,2.0868,0,0,0,2.06996,0,0.917734,1.07582,0.21087,0,0.743296,0.156885,0.00589106
0.00655004,0.352292,0.216974,0.444962,1.26517,1.67068,0.0364616,0,0,0.631349,0.523633,0.0668319,0.411743,0.06001,0.158475,1.14773,0,1.94167,0,0,0,0,0.0383829,0.631717,1.26694,0,0.637563,0,0.921138,0.887455,0.15243,0,0.170114,0.313497,0,0.00491891,0,0.0204065,0,0,0.3399,0.250661,0,0.238088,0.147078,1.32254,0,0,1.63121,0.759661,0.997531,0.0187167,0.900982,0.812293,0.0308349,0.102994,0.0307967,0.00166899,0.103437,0.0478763,0.0963197,0,0.339559,1.21374,0,0.0226812,0,1.0569,0.874621,0,0.666784,0.0247028,0.200244,0.25345,0,0.27274,0,0,0.260928,0.605033,0.185887,1.40314,0,0,0.886249,0.12094,0.368902,0.0638345,0.524169,1.14196,1.44722,0.0623518,0.149867,1.32295,0,0.0796532
0,0.0273068,1.29693,0,2.21668,0.17284,0,1.81088,0.387,2.59623,0.860795,0,0.300316,0.471704,0,0.477655,0,0.875031,0,0,1.79267,0,0.300025,0,1.32912,1.95976,0.325968,0,0.50865,0.920179,0.390606,0.0377852,1.44401,0.0896146,0.0675971,0.00828281,1.016,0,0,0.00440072,0.308736,0,0,0.202924,0.144793,0.437246,0.0336141,0.125442,3.15087,0.0471692,1.82935,0.151934,1.93126,0,2.10348,2.03678,0.229241,1.2069,0.45844,0.0709492,0.133314,0.136574,0,0.173397,0.0133639,0.223651,0.0379398,0.112156,0.654103,0,0.607324,0,1.35121,0.350573,0.251675,0.122301,0,0,0.455489,0.148583,0.0840126,2.50531,0,0.0349417,0.354932,0.224279,0,0.818009,0.08325,1.41168,0.237435,0.0344296,0.158409,2.38927,0,0
0,4.13532,0.33182,0,2.66357,0.163534,0,0.200755,1.02348,2.71109,2.9725,0.0578336,0.0880381,0.494297,0,3.19441,0,0.868703,0,0.0736475,0.508146,0,0,0,0.24378,0.538891,1.31904,0,1.25405,0.246047,1.77243,1.43332,3.03075,1.14213,0,0,0.232453,0.74608,0,0.118279,0.159704,0,0.213679,0.36736,1.25738,2.15403,0,0.194704,0.791083,0.244723,1.30417,0,2.3294,1.40486,0.745223,0.105827,0.226947,0,0.35968,0.342631,0.189197,0.500282,0,0,0.0770692,0,0.0342838,0,0.323662,0,2.03464,0,0.376553,3.33664,0.111179,2.32102,0,0,2.82969,0,0,3.29949,1.91134,3.05929,1.20806,0,0,2.65942,0.111386,2.75567,0.490493,0.157801,0.0181011,2.87818,0,0.0286201
0,3.20752,0.800873,1.22803,4.31543,0.0333264,0,0,0,2.60934,2.32299,0,0.294268,0.604132,0,2.98991,0.0410238,0.0388237,0.360946,0,0.996439,0,0.0357981,0,0.291304,1.15191,0.0218829,0,0,0.931708,1.26634,1.86687,3.30765,0.00190759,0.721057,0,0,0.206457,0,0.0432997,0.154513,0,1.22407,2.15266,2.06796,2.58214,0.0257124,0,0,1.20893,0,0.164078,0.609838,0.678561,0,0.667386,0.0545288,0,1.01687,0.176645,0.09156,0.101115,0,0.104136,0.222544,0.0266558,0.217885,0.0572031,1.16387,0,0.256008,0,0.0359505,1.33714,0.636314,0.705913,0,0,3.43476,0,0.017185,0.849529,0,2.75872,1.28402,0,0.888096,2.83754,0,2.24588,0.218937,0.187339,0.19359,1.20649,0.268458,0
1.27167,1.96263,0.225595,0,2.93127,0.122823,0,0,0,0.146078,1.41615,1.14082,0,2.0152,0.10375,0.431108,0,0.180343,0.546422,0.0379474,0.112128,0,0,0,0.153064,0.00291137,0,0.622485,0.0532715,0.283532,3.51814,0.625463,0.0478518,0.904824,0.101838,0.13378,0,1.44906,0.351006,0,1.57265,0,0,1.13228,0.556847,2.32207,0.0432756,0.675597,0,0.13802,1.19053,2.09747,0.307212,0.58883,0.100945,0.492035,0,0.479534,0.437685,0.57639,0.0840352,0.029802,1.88865,0,0.0204013,0.136397,0.272217,0,0.112343,0,0.0250379,0.196266,0,0.724006,0.10411,0,0.654579,0,0.946299,0.0555467,0,0.565081,0.52798,1.99781,0.840578,0.10674,0.922602,0.392428,0.742811,0.507612,0.107695,0,0.0200317,1.53381,0.0100749,0.0431844
