0.107730,30.832397,136.634308,-78.701172
0.000000,154.548935,194.570847,84.323822
0.240463,82.075287,39.152931,-43.101879
0.529123,36.327164,19.756796,30.504850
0.791517,105.768867,111.344826,56.387260
0.823984,23.226406,57.098610,-1.839408
1.039971,92.320625,6.485136,-16.550684
1.339360,156.246765,105.176819,-1.995424
1.403502,76.892563,13.961444,90.143791
1.493523,168.080826,59.806190,-1.839512
1.821615,107.019142,124.870392,-18.886770
2.685848,97.176338,36.018948,-0.700069
3.539660,128.705200,160.476013,-78.151718
3.564546,152.835648,30.442003,-37.322472
3.887718,23.096056,104.147232,-48.194675
3.921031,93.644325,149.676071,93.056961
4.167095,16.532835,190.672806,-30.482059
4.362621,14.597277,90.330193,44.909977
4.301572,68.274475,166.922089,-73.136612
4.300414,116.604095,64.926132,49.895824
4.466564,91.345207,135.481308,95.733192
4.856334,31.357803,148.550903,-72.204041
5.399235,188.857727,28.557999,1.764360
5.210841,190.277283,197.872635,-66.129372
5.490607,112.352394,174.464417,-18.614780
5.702785,26.211569,148.976517,43.563675
5.778803,113.440155,92.651932,-39.337986
5.651923,167.755615,41.206348,-44.894169
6.002808,153.417053,28.286848,60.138363
6.013153,170.497101,54.852512,-38.611877
6.530412,118.432175,12.629255,71.130951
6.815660,182.264694,48.103821,-34.920372
7.258373,133.965195,131.518188,36.623241
7.503473,57.455055,58.888107,-39.010033
8.122730,2.155618,126.278008,49.577625
8.001897,47.186913,74.465744,33.536308
9.221753,159.712097,142.728195,-74.979118
9.302880,166.642242,170.038895,39.061008
9.392656,170.403717,145.670441,-16.849573
9.522573,25.950384,164.894775,-37.772968
9.554801,41.804035,35.543007,45.091541
9.545128,77.527229,30.138063,20.097897
9.918317,59.411991,199.396973,15.855764
10.033276,1.930274,75.566620,-46.636635
10.338866,171.367935,61.825233,-24.860430
10.622734,55.491295,178.100601,-40.325752
10.653694,119.203094,63.613464,-7.316343
10.695868,148.164322,54.869965,66.614716
10.859825,68.890358,180.626205,-11.085858
11.043386,43.088192,46.436092,28.382124
11.187266,107.131668,136.409561,-86.803604
11.361500,87.450287,26.254576,57.620136
11.350091,132.887100,106.730980,93.046318
11.434455,8.478545,73.888275,35.585873
11.547095,88.580750,155.744537,-8.741478
12.153326,173.835983,120.210091,59.559891
12.025342,184.209396,132.381882,27.210711
12.914058,187.824158,88.698082,61.602230
13.506804,135.002594,98.366188,96.542114
13.753871,98.804268,97.255684,-0.645251
13.720189,190.484207,64.187561,18.529243
13.956554,85.450211,131.496689,95.427910
14.081328,98.181061,152.074814,-27.075722
14.403692,1.989346,62.861809,-51.603359
14.539109,154.830612,4.803907,81.953667
14.571368,185.688904,157.458862,-8.978315
14.696764,37.685772,119.468903,-4.822243
14.834093,79.297012,154.026810,-26.653605
14.922673,88.828247,94.132248,13.261427
14.937834,157.144913,19.325693,1.041333
15.101957,189.827789,52.955208,-91.755981
16.264336,120.981720,166.371033,-52.471050
16.497950,55.599766,69.821365,-47.638508
16.671778,31.136295,163.943665,33.849155
16.610456,98.798141,158.967712,22.811399
16.639837,168.673126,31.820496,39.990528
16.913580,82.369904,147.365250,34.186924
17.022539,11.390620,140.719727,-42.537502
17.012592,132.037872,74.425949,10.480412
17.228027,67.236282,49.183636,-94.318634
17.347879,187.586273,22.811701,13.171779
17.489040,63.739056,71.322639,29.389418
17.831860,18.742073,27.501343,42.071602
17.859758,44.525028,147.805939,-52.218174
18.403484,4.478777,85.456184,-14.078196
18.433048,199.724503,41.484070,36.697639
18.984245,46.130634,92.293465,-70.569160
18.916189,119.263855,164.433380,-32.672279
18.982126,119.944771,102.508904,18.881531
19.124422,167.356232,155.313705,-19.490150
19.312143,50.472321,75.974228,64.553223
19.569849,162.949936,90.303719,11.051286
19.712521,142.331772,60.397839,-55.444164
20.179649,13.160481,63.993477,70.148476
20.200333,67.369675,95.462570,-56.688389
20.578932,191.437454,98.148880,-39.022163
20.862404,121.644615,168.205643,13.431070
20.800457,145.384048,134.360214,23.038437
21.534973,26.182718,50.040443,-74.191956
21.458870,50.167564,69.004845,36.482491
22.108702,25.145704,6.962504,-88.741516
22.015987,88.163193,192.392624,97.729240
22.894911,145.054245,78.338463,-95.158768
23.134972,178.477417,180.667114,82.036743
23.284300,15.481580,119.943703,-64.318741
23.267344,121.752075,17.537258,37.250511
23.378672,161.738983,74.034660,34.341480
23.504860,42.626461,30.907642,-68.348442
23.720644,61.403255,98.515045,-17.319382
23.637194,124.228348,51.830116,-97.315277
24.287231,109.798454,23.877377,1.445948
24.344904,112.084648,39.127338,72.353752
24.549429,44.324795,173.778793,74.966270
25.533470,9.764220,68.880722,-30.857798
25.401602,16.355228,70.873116,68.447746
25.476931,48.024837,191.128922,-3.083191
25.479820,165.033112,132.190689,-45.802631
26.123089,7.473051,39.110340,0.309762
26.058418,152.601562,110.784775,70.781662
26.445042,176.381866,16.510080,-20.622875
26.763945,90.454277,153.483978,19.088255
26.919039,33.153168,122.483276,-33.587994
27.059559,154.841629,142.307037,-13.846275
27.203760,107.586647,163.852707,3.074021
27.574112,48.671284,126.408195,33.067314
27.436253,86.616798,180.002930,14.403135
27.863613,101.077431,148.188080,17.348837
28.000412,166.090607,60.545143,38.135857
28.312729,182.040131,85.399773,29.459242
28.344315,187.080872,12.599778,-92.008476
28.547588,67.908112,70.555923,49.619579
28.646730,106.598213,13.074507,58.529751
28.610294,125.574570,173.485733,64.320976
28.905470,42.781914,42.977440,-87.529938
28.970839,187.658691,120.946655,99.839180
29.152407,11.591133,3.410463,94.800995
29.123257,57.985550,113.025002,-77.891388
29.193081,182.440048,121.885956,-25.681988
29.332930,170.346375,47.880543,53.093002
29.386393,173.044098,179.670166,34.027523
29.452091,85.531769,117.337433,-10.957252
29.579388,189.632812,124.205910,44.917072
29.703613,57.298637,39.491631,-64.111855
29.671610,65.941734,198.557892,75.574646
29.725239,79.386948,51.447548,95.370491
30.197729,186.233963,189.220367,-20.772711
30.297710,48.542095,128.030975,26.946577
30.449024,56.859650,183.195175,55.841434
30.571627,132.436813,146.501831,-61.104893
30.663610,132.417999,32.617168,-55.782368
30.832819,146.245331,84.077126,26.431711
30.977728,187.983795,80.836014,9.608229
31.186577,39.607281,55.536728,-60.160076
31.007534,181.233368,26.849041,68.896957
31.287220,77.850189,29.139227,-16.957537
31.299423,180.025101,180.033554,-17.125164
31.482969,21.690025,81.074173,74.975403
31.572161,65.765099,115.623177,62.869354
32.129360,36.132229,63.777939,-58.925316
32.410828,18.226460,57.187717,-46.159458
32.465916,60.523346,41.136562,-67.152924
32.625320,129.052261,99.115013,-14.325206
33.155872,93.896690,164.188553,39.622570
33.025784,182.272339,128.883972,-80.138062
33.268211,90.859467,88.240051,-64.469788
33.510532,166.383087,129.028656,89.144165
33.909782,9.818517,63.964767,-1.514533
34.317703,62.854397,142.568863,78.042099
34.511761,44.975975,51.490211,99.576782
34.704945,87.473312,175.550369,-81.574654
34.826553,122.817841,122.446136,55.639236
35.096828,57.487041,136.162125,26.623262
35.370850,157.559296,177.430161,18.509651
35.428673,25.272425,80.716591,38.554108
35.786282,71.655540,44.468266,-26.246529
36.182453,12.004100,192.150528,33.934921
36.218292,164.717346,70.643799,73.957489
36.417416,83.887268,190.637558,-0.716535
36.431068,193.230499,188.974335,45.998833
37.039661,29.128948,44.582920,-74.376778
37.257580,18.644857,24.674871,-19.743095
37.241760,43.904102,52.988167,30.182512
37.227070,193.888824,10.911330,-9.647421
37.589352,119.529602,58.542889,46.455387
37.783169,20.615978,195.444870,-75.137741
37.674797,122.837830,160.957153,92.414268
37.995430,69.052750,17.550257,-59.222908
37.929211,158.072174,121.379456,-3.307204
37.871971,195.055328,70.419083,40.365555
38.585842,0.594083,124.295982,48.327862
38.827854,47.079216,18.872934,-53.102016
39.305481,8.530550,80.562187,91.472939
39.348938,125.690872,108.780975,9.911201
39.999073,167.694321,13.961264,82.760666
40.319462,60.357796,197.633148,-57.542362
40.228111,187.989105,76.135017,51.669369
40.241138,191.092743,18.588902,-94.836464
41.042606,40.281509,25.403481,96.846924
41.376675,67.974884,18.303896,11.680415
41.423759,10.391929,1.482956,-37.772354
41.626820,114.710793,74.593658,78.059494
41.639240,173.920670,60.802387,83.316002
41.838535,10.379284,120.544167,2.748632
41.940044,129.759445,22.641567,-22.203445
42.127636,68.839134,80.557579,46.361279
42.324398,65.617088,161.025665,94.542130
42.678013,25.075909,32.671505,88.886543
42.774090,159.881256,26.789644,37.904907
43.146500,57.185997,92.026581,-54.082626
43.343197,33.068848,101.933563,-33.493504
43.231529,143.642975,29.904133,0.402299
43.441982,159.941299,23.264587,64.838562
43.738651,4.268147,142.108749,62.099831
43.739708,18.547939,80.510612,92.357704
43.894382,54.197247,100.050125,79.649300
43.893284,62.866165,48.630817,89.706032
44.196766,185.746323,183.217575,60.386639
44.269169,70.043823,1.856462,93.327347
44.865486,51.448288,175.229111,89.705025
44.986519,121.787537,41.719662,-19.282761
45.379784,25.166475,169.179077,-66.223953
45.217598,70.214592,155.686569,61.372425
46.018017,124.357819,180.724121,-8.184977
46.768925,24.905386,197.511032,93.649582
46.746971,128.158691,72.206795,-40.050678
46.693386,177.227478,20.219500,-24.861073
46.934696,114.872620,27.911722,-14.004248
47.548904,23.101732,38.005260,-44.020306
47.485382,109.788635,73.075249,-82.960976
47.486500,164.223221,14.622926,97.694458
47.656170,48.545033,163.148483,-6.269177
47.896950,5.770140,72.651367,-44.223820
47.802933,59.970810,72.501709,29.280331
48.484303,73.095093,85.265823,34.096054
48.792500,4.979407,55.709755,-44.289066
48.631165,98.139389,37.848816,-64.518639
48.775311,137.096039,139.234100,48.037247
48.608437,160.755798,45.028355,-0.301415
49.625511,50.434853,93.107925,-20.875261
49.622166,167.807510,103.253891,-40.928661
49.971951,104.855171,178.217636,33.683483
49.970337,198.776093,125.462357,82.901566
50.014755,91.391479,120.032005,65.045212
50.060997,132.882935,121.528282,93.002090
50.257095,81.231842,88.358055,9.459721
50.296082,141.511215,80.596313,-43.645889
50.234051,180.524597,104.610161,-2.399538
50.238888,190.434799,107.040291,82.282852
50.647480,15.272014,198.590576,90.293922
51.376865,37.574398,74.330681,-24.167631
51.223442,91.462898,156.521179,52.492992
51.389374,141.814102,21.755894,-96.146721
51.340546,170.100479,59.499897,8.268686
51.278648,199.071213,127.254379,-29.605993
51.711464,79.457886,51.252960,-27.932667
51.697365,83.881775,118.214546,23.690550
51.699699,179.925156,138.839493,-36.155762
51.882526,33.196041,178.451248,-56.422440
52.594551,59.632294,152.347610,93.082420
52.521435,128.048172,94.445694,1.139807
52.606129,93.101143,118.777267,13.463463
52.840019,97.670273,150.389435,38.687656
52.916191,123.625885,52.942703,65.070129
53.540676,90.100777,155.050964,93.492027
53.682896,40.544956,46.380871,21.586836
53.902863,36.236816,38.640968,15.758930
53.868767,175.120056,16.584703,-74.328827
53.951931,186.067413,78.048508,7.614641
54.147560,54.779312,122.407784,69.998024
54.577866,59.610653,139.984329,-61.077217
54.768147,183.851074,56.120102,-98.082581
54.664322,193.107239,192.469772,-64.162926
54.794033,194.324585,192.349731,-23.665918
55.061596,48.869068,143.239685,-41.003624
55.007294,104.305801,134.244812,37.791451
55.552719,163.408936,53.445454,61.479095
56.090950,98.001259,143.657059,-57.590645
56.006088,167.643005,171.380676,28.087519
56.170261,187.507721,101.283188,-36.318943
56.071312,198.191528,24.960678,53.578060
56.234486,0.724005,75.292030,-94.212799
56.398064,10.868379,93.078514,-57.465324
56.295494,35.324787,13.556712,-81.606636
56.366714,45.504341,140.628479,-17.271315
57.015919,96.167450,74.749893,37.454132
57.291687,40.997822,72.561874,-84.278450
57.319485,177.413254,0.211737,-49.234352
57.556507,16.050323,44.350941,87.322357
57.674335,34.948475,71.329407,71.617966
57.792484,67.246361,22.554409,87.198616
57.809010,37.200912,69.463463,70.061249
57.954956,59.294926,21.662867,-61.148724
58.473194,32.034428,17.235933,79.741760
58.437721,128.421646,53.748966,-17.588812
58.715992,197.762390,17.248596,-24.919081
59.043716,73.124557,20.397694,-53.535069
59.254269,13.158940,165.954651,-96.881134
59.461761,7.370360,92.939438,-36.841217
59.429241,40.683258,180.371979,-11.783379
59.447559,146.062469,199.499649,-24.249861
59.718159,16.943825,155.200119,-44.410549
59.699886,98.907326,162.023788,44.518372
59.785572,129.266418,90.968353,92.921951
60.088783,60.401798,159.701248,-18.249102
60.183933,64.802200,35.365219,29.143217
60.520016,19.050325,135.649567,-58.394821
60.544147,152.455734,71.561440,-90.494331
60.684959,87.934219,151.397812,85.871651
61.394691,180.387833,125.970337,-42.416611
61.930000,33.998341,68.949303,-24.514484
61.968601,37.880592,26.732470,84.163498
62.098114,197.642090,68.121765,-23.035519
62.358212,10.183700,46.823437,74.659554
62.499413,83.061447,166.573792,86.912216
62.488335,166.793213,70.866989,-83.879425
62.726887,169.863129,186.518890,-71.725807
62.869270,4.148931,159.114899,98.871552
62.828915,47.620377,8.156265,-48.451572
63.085876,65.267738,121.152359,-75.632362
63.384808,21.176964,35.224384,14.985736
63.315758,158.983505,110.587212,-96.008682
63.709270,180.558044,58.793495,43.752819
63.806164,36.111679,145.053558,18.362108
64.069855,89.614555,45.625427,74.652184
64.366920,59.530514,67.486557,52.512016
64.323189,121.901199,91.575966,61.982826
64.333382,150.814072,106.405907,55.644878
64.331467,166.554092,173.521637,-17.512657
64.379951,175.990326,137.525726,-86.787697
64.575195,40.747776,186.132767,79.940422
64.866318,25.825270,168.700333,22.575687
64.928429,61.143780,106.665993,-30.083813
65.194519,166.609772,58.318146,26.980722
65.964378,13.953914,57.963245,69.995331
66.163620,125.901787,57.201527,-99.583328
66.283592,28.918007,71.545738,-14.779126
66.564781,0.000000,8.918500,27.090961
66.562317,25.851534,108.763832,41.698959
66.424057,102.845253,37.269505,10.741304
66.455757,163.828262,150.013351,-54.228855
66.624863,71.441208,137.469955,61.858089
66.742470,110.829979,8.466928,-53.471912
66.963051,145.474609,146.756744,81.030884
67.337730,59.328995,44.739956,91.503754
67.258156,77.808144,188.313019,-55.685627
67.322449,140.115829,159.537949,59.612587
67.360237,191.108566,103.112495,-11.927170
67.456238,1.072334,25.970488,4.895469
67.435501,198.747986,86.588867,34.862225
67.884880,125.654007,83.196640,52.563046
68.088097,0.208922,36.690067,-88.581566
68.016891,6.651767,56.739342,49.541344
68.143867,32.476486,48.520908,-48.834156
68.266953,7.062896,147.905228,-76.538139
68.212532,100.956718,38.485905,-66.849815
69.373245,81.102486,135.912292,-24.464499
69.593773,76.891327,195.174973,-97.656746
69.474899,156.761475,26.711309,-33.393444
69.634811,58.027676,127.466110,-56.493824
70.000740,36.830841,196.938004,-24.375925
70.000679,191.684143,74.918724,79.653793
70.538918,126.645569,79.349007,-95.416595
70.643242,112.385712,94.329506,-4.038244
70.662834,160.635071,194.349350,6.469992
71.574326,91.612610,146.013138,81.901489
71.942337,38.144291,141.165543,1.239948
71.868919,62.693203,176.414871,12.182624
72.145409,141.696274,177.063873,74.533226
72.596413,0.605719,59.751526,71.701675
72.557137,41.059265,18.953796,87.944077
72.941811,102.860794,67.559563,30.353188
72.961121,132.692352,52.646862,87.357803
73.073685,52.959499,194.131256,13.618048
73.223999,26.404184,185.799484,41.956165
73.325417,44.747040,184.401154,84.350159
73.587479,63.760033,97.382050,-42.338749
73.450172,162.908066,188.250610,96.828163
73.843697,10.583775,81.807320,-5.833975
73.961555,45.327385,99.619217,-86.436562
73.846184,136.705872,30.881275,-33.781639
74.008141,151.056778,135.650238,63.617596
74.394798,140.411484,75.800751,14.227848
74.247696,192.392654,157.360336,-74.379814
74.454880,22.659084,64.875130,-62.390091
74.564560,80.612114,93.794731,-69.978714
74.797226,26.456835,191.293625,-21.284464
74.861664,25.784538,68.540665,29.422770
74.812881,46.956211,91.301575,51.709763
75.228508,118.427826,149.469986,74.419868
75.282822,156.304703,23.234982,-73.574493
75.617508,45.362717,52.427502,-0.525262
76.015678,137.546478,76.508919,61.979786
76.723946,28.032095,61.276455,8.533381
76.777832,69.858536,198.759476,55.777588
76.861359,45.843983,21.097130,91.901443
77.209763,154.835983,108.882637,-92.825569
77.573212,30.954597,1.764898,14.219012
77.664734,19.136335,67.890732,51.770149
77.869492,159.908554,178.000107,-71.793671
78.044380,74.391991,139.181366,45.037621
78.224121,193.752335,108.329361,-38.062679
78.552208,77.923370,107.676277,-0.670741
78.556335,167.819427,54.774956,30.435007
78.535553,191.676392,135.856216,39.999279
78.713432,88.560715,111.874336,-6.420426
78.854958,28.168839,49.023682,36.662167
78.957474,75.713364,148.829712,88.007301
79.138680,171.375397,113.798698,89.028709
79.339180,77.507301,184.001846,85.674362
79.292091,156.894867,56.572918,31.432140
79.258293,183.155045,166.714828,97.100281
79.776031,92.053749,13.909615,17.671951
80.007500,51.036400,56.242607,21.691332
80.032501,68.281883,38.896080,-3.152830
80.037300,126.858215,17.650770,-25.808298
80.114525,158.345734,19.208067,74.456177
80.723900,10.543878,120.808060,-69.272202
80.616722,11.116018,137.465393,-53.644577
80.888992,68.141258,185.428162,95.164925
81.334198,55.976826,84.334885,-84.365456
81.379379,93.998825,113.832581,0.897611
81.453049,106.129044,115.145355,40.708454
81.690414,147.847809,12.755289,23.351564
81.988464,101.560760,112.490067,89.940674
82.096268,11.052257,170.969879,-34.499474
82.303558,164.826645,179.301651,-72.596024
82.411240,27.004663,146.483017,36.419144
82.609825,35.022514,19.061209,65.671669
82.705589,198.949280,61.881813,-4.042264
82.986748,189.161179,105.746696,65.131065
83.384918,86.225555,171.942291,-7.485669
83.248672,146.578384,188.527802,98.753181
83.459969,3.201036,189.929932,46.713573
83.514839,53.101978,91.555061,-59.842266
83.773415,176.456680,153.616898,-74.057098
83.969795,76.576248,54.091423,23.805683
83.905785,142.360245,128.776382,90.068260
84.590881,9.275794,182.485596,-39.800770
85.354546,69.203362,167.517349,-41.302387
85.600983,26.007847,117.128189,-33.585171
85.670502,47.867958,1.864946,-15.839010
85.720688,101.682716,137.175842,9.315759
86.360809,38.942257,162.906448,0.001624
86.569916,14.203440,27.780010,52.790909
86.739029,84.680862,34.670921,62.611511
86.907471,161.937256,63.963062,-37.862030
87.429321,194.304276,21.059034,48.573273
87.885872,50.419273,187.952164,-28.747105
88.018341,38.072720,82.370361,82.699661
88.114059,188.201462,198.765076,-49.183613
88.620316,12.158271,148.160690,-67.174057
88.615128,38.013786,153.177094,-5.805204
88.675873,93.123169,100.467323,57.318153
89.014709,13.546370,65.787933,-10.853228
89.132599,16.865746,167.852829,75.852249
89.039192,136.532578,165.460129,44.398533
89.113853,192.630615,167.275146,-14.482532
89.304161,14.289051,92.073227,-77.319031
89.291016,128.588943,69.947777,12.688766
89.266472,139.758636,25.396931,-65.005905
89.398438,164.340942,69.819122,-21.316467
89.340508,169.147324,22.499643,23.472464
89.460068,133.453903,71.594231,-64.446236
89.617508,181.359253,26.655642,-1.072320
89.889709,84.379082,77.072090,0.882925
90.100487,161.080505,144.844345,74.262848
90.357986,53.149200,148.674286,-24.098093
90.238075,103.113533,185.326111,-34.063965
90.358421,176.185440,119.462563,-40.226334
90.343277,198.186447,136.540558,-60.360386
90.430237,6.121313,42.294979,18.676514
90.795212,32.421806,71.279739,-96.728195
90.763832,108.949570,181.566116,-84.936211
91.044891,103.941940,38.014618,82.570732
91.316483,89.862625,109.518867,-49.774689
91.916023,151.134399,50.730293,93.453804
91.879875,174.252991,194.813919,-66.170708
92.056931,19.495764,112.326859,40.483284
92.063179,92.566811,50.459656,93.031143
92.834656,77.023834,79.020645,-75.709877
92.928635,194.282501,160.452133,-0.184570
93.093788,130.444809,49.452309,47.944492
93.293152,17.992046,95.327164,63.694405
93.227165,105.408974,147.751465,-55.316898
93.548668,69.923729,58.583595,10.390474
93.535164,84.087692,195.454590,0.042420
93.438332,104.925415,120.743454,45.002625
93.464790,193.123947,114.821869,24.150698
93.799629,181.521515,53.711353,-67.743729
93.830231,115.814415,197.456085,89.326637
94.082344,65.355591,25.703634,11.937386
94.705322,36.263649,34.852283,-40.502544
94.849800,50.403542,99.435394,-39.842304
94.994431,181.656281,98.213982,76.759911
95.145058,40.221581,120.232979,-20.701845
95.398018,157.234085,173.155899,98.177315
95.570770,18.198956,84.100365,-13.717283
95.540123,46.249203,55.846207,-88.577271
95.731476,96.836967,77.056114,39.443333
95.945015,102.965385,193.843704,96.107849
96.114273,89.204689,154.395416,-58.679848
96.093674,104.350006,36.578991,96.366928
96.232582,144.411041,140.129410,62.793171
96.301369,192.523117,38.291275,75.142258
96.783890,8.441857,113.737091,16.851547
96.655426,161.588989,90.867226,-90.926529
96.912354,117.424660,41.792309,80.921463
97.245781,196.376328,43.567307,40.300350
97.584618,166.721771,193.961670,-68.915787
97.672638,148.613800,18.030550,52.419868
98.010239,45.962822,81.647659,61.540794
98.261047,12.287611,16.896557,-78.263924
98.319450,35.173649,101.489555,-38.221283
98.344017,123.173378,197.673676,93.723579
98.596947,100.385063,0.369290,-51.525814
98.873802,84.688255,117.809166,51.899902
99.308624,58.973843,145.668304,2.422930
99.529800,67.531029,71.090096,-22.846998
99.623756,129.516373,11.546800,76.428398
100.130165,47.388081,176.019058,42.314713
100.150429,64.429527,116.156197,-16.449007
100.006363,110.454536,2.944521,68.951576
100.551529,142.759613,145.022522,77.124825
100.863754,49.978756,175.616104,82.432205
100.989067,165.699036,29.617834,-56.608490
101.181145,192.648666,12.147636,-59.095070
101.293571,187.259995,118.214592,-27.269150
101.629631,122.059837,112.805801,-75.136406
101.839409,87.226952,30.627415,94.534248
102.039993,166.370575,193.226013,78.532349
102.537720,57.076813,2.738691,-81.453522
102.774925,195.831863,125.452393,23.552130
103.055565,154.646835,186.156433,-87.508408
103.216202,17.875502,90.245621,14.986928
104.626884,190.207901,154.487305,-0.665773
105.067589,4.570825,76.413673,72.322517
105.001251,16.449028,98.857529,96.000053
105.145576,93.277809,105.773949,-92.138107
105.033302,108.357674,108.239822,65.419815
105.283783,143.867538,187.572403,-34.907547
106.357811,142.715759,8.816872,-26.223053
106.240669,195.642487,55.428497,-5.729995
106.573677,108.675011,143.262985,-93.610405
106.592606,165.079346,26.457415,44.758453
106.771393,110.151810,148.352158,78.308243
107.348183,100.546341,142.399979,60.790852
107.861008,8.252138,166.982880,-50.658680
107.971321,197.219833,34.956608,-53.146446
108.047981,196.204346,114.274696,29.074593
108.889900,125.417572,152.387711,-56.500122
109.520164,21.381945,162.285553,-45.302795
109.403702,50.046955,174.491608,-20.153242
109.499252,160.312057,157.681412,21.039267
110.498672,5.439631,101.260979,-80.851875
110.499329,87.120789,74.737335,-12.988713
111.035324,164.277679,179.382523,96.656754
111.333710,155.478729,57.829807,-82.593185
111.422562,102.465881,117.745956,5.597945
111.437073,125.440483,101.423912,54.436493
111.561516,165.410614,25.981058,-53.651890
111.672012,103.153938,167.597046,64.211700
111.846054,67.010803,144.084930,-75.010139
111.838135,191.856491,57.025822,44.412727
112.482956,82.341270,96.853722,-37.565319
113.343506,71.690712,12.041251,-5.221351
113.487679,5.851555,23.292778,76.793327
113.473915,42.919071,143.100479,-87.592155
113.505096,193.490356,15.318064,70.544540
114.277252,106.940498,143.744614,-11.550053
114.209740,182.297897,42.826977,40.046490
114.679535,119.162529,128.063126,-25.302067
114.815964,159.259064,160.243454,83.819183
115.035057,62.029060,2.510067,18.057903
115.258499,145.838425,163.805405,45.163853
115.345406,167.063431,176.432022,-58.975826
115.750183,195.398895,191.850372,-92.768471
115.908340,10.365005,190.194992,99.884598
116.191711,5.340808,80.454582,36.833504
116.204918,75.140030,180.291214,-89.128403
116.359909,165.665375,136.353821,-79.862793
116.389915,176.776428,59.963898,-98.992584
116.514854,47.434658,116.658440,14.278381
116.576370,53.832912,155.041382,67.186531
116.952080,145.779861,11.257639,18.952812
116.830017,153.833755,150.142456,-61.721695
116.933350,168.304550,11.400453,-55.423664
117.214249,56.174290,112.745369,92.183006
117.381165,115.336098,72.904266,67.702400
117.318123,171.640396,63.140812,29.569942
117.480270,175.858093,188.502106,16.609625
117.538353,196.511017,114.894783,-11.156734
117.675117,7.301277,108.626862,90.322922
117.873360,130.612015,5.916010,-68.189323
118.101509,83.139702,111.693832,-51.013573
118.130096,129.998322,71.731949,40.945477
118.246582,84.506744,69.332001,-66.685448
118.358765,163.874191,68.372223,-19.143661
118.567856,192.593155,105.347557,17.618893
118.631508,63.757099,78.458313,-40.886593
119.515961,166.087753,66.383926,77.500114
119.604507,130.003204,154.980392,26.432236
119.971786,99.677246,72.107162,-27.591387
119.801315,126.288559,165.304153,-67.104881
119.959755,190.586426,34.807831,77.520012
120.048531,72.302979,111.874245,-30.223114
120.313042,2.791958,179.939926,-95.408875
120.725029,45.044353,91.122650,92.343391
120.749298,149.653275,153.918747,79.843575
120.926567,39.337299,102.708908,12.842617
120.968521,86.478424,3.815012,-6.794574
120.813881,138.606934,58.758266,-89.780502
121.178505,20.829273,61.836586,30.922256
121.313332,9.139210,98.914337,-81.409378
121.461990,127.056129,36.389248,93.220207
121.568321,171.276443,53.560406,-61.648140
121.801224,183.451080,174.563522,12.752902
122.020233,89.193466,101.179634,-26.582874
122.138626,139.864273,65.603371,85.459641
122.689407,125.919373,9.973628,-82.284424
122.694992,137.535141,42.562389,16.124653
122.996368,10.975208,48.175049,-39.044041
122.869987,91.117905,145.147690,96.886490
122.901443,172.673157,31.420065,-81.777153
123.087646,181.117416,91.643158,-56.440517
123.508919,60.019287,13.667842,24.392759
123.943611,89.306488,50.310921,-27.256674
123.876793,138.209686,176.943832,-15.967846
123.924881,187.719879,147.558350,-10.553624
123.953979,190.986984,165.096146,23.632393
124.059647,162.250259,105.675926,13.098823
124.506721,157.485046,184.137115,98.668556
124.911247,0.645984,171.039139,-42.044029
124.822716,11.290723,10.445016,37.833080
124.965050,175.574570,82.737770,81.976059
125.697525,163.772675,178.713242,-94.978889
126.201027,12.872406,6.292302,-6.007419
126.298904,39.518028,50.498146,-89.897354
126.207947,52.413265,71.311348,50.504623
126.329521,115.252678,50.924686,77.176979
126.589180,107.774803,162.185928,77.223457
127.052231,86.064758,139.199051,56.443462
127.796272,30.198383,87.466919,77.897110
127.756126,45.154121,76.424561,90.588562
128.245529,180.324860,50.802456,66.870308
128.548630,28.993725,99.765427,1.084983
128.789307,60.356831,101.511955,-71.147240
128.717468,70.405472,130.678818,-4.477468
128.636673,145.265472,131.640076,91.762016
128.728531,182.136566,161.327103,67.564423
128.892776,26.441782,25.284384,-6.278805
128.808655,88.307373,188.037338,34.175526
129.070465,127.215584,85.057365,72.624863
129.252472,146.949890,109.575249,96.442833
129.676895,166.651428,142.191925,-97.172775
129.931976,177.551590,148.640137,18.436560
130.312958,5.630525,100.955711,11.165335
131.047684,67.757843,56.470444,48.014095
131.037048,177.110825,83.852554,71.100243
131.294037,133.321594,186.009232,-43.486141
131.544800,29.328529,9.980799,-33.190464
132.069122,35.604603,54.540211,-80.631302
132.127899,99.433670,125.764030,-70.157120
132.483749,8.136283,118.670204,29.979868
132.465988,45.874523,27.883299,-12.061591
132.742645,98.717133,170.461319,74.324944
132.628677,150.206543,44.715683,-1.235235
133.540634,47.746624,149.347351,-30.384853
133.477402,194.378952,117.574379,-41.697899
133.722275,126.496964,97.705963,10.348088
133.934189,144.786026,161.158951,-36.179008
134.248535,68.600769,72.401550,-83.958260
134.588135,36.907597,193.343658,-25.045216
134.569534,87.854279,157.897156,63.698627
134.466522,188.443665,88.175285,-97.039398
134.620270,55.089447,98.894066,-44.293495
134.795212,92.904594,154.231857,77.101715
135.070969,190.091522,182.857666,54.477112
135.866043,183.547775,4.823106,-45.948048
136.128281,2.309957,38.587788,-35.894436
136.335648,191.491867,44.349667,-67.602898
136.444046,24.688440,128.804092,14.991391
136.943665,68.765030,138.668167,25.426018
137.152710,195.006119,194.850204,2.149010
137.434784,83.693298,92.595848,-69.725433
137.481354,92.768730,34.825054,-70.613846
137.540466,134.163666,158.419281,-48.719299
137.974991,162.383652,119.183769,37.620003
138.123123,27.001366,40.116318,-20.288874
138.170868,71.395630,26.178505,64.718307
138.113983,183.866333,129.348312,-57.019520
138.222260,91.263191,77.550613,33.084187
138.655670,103.403114,92.418045,-85.097504
138.928894,40.092678,24.145069,-29.539749
138.934677,73.377747,8.685681,-92.379433
139.076538,75.277344,196.349350,-25.153641
139.038727,194.975082,119.406792,-72.234123
139.052933,199.478119,167.201218,62.858456
139.563232,109.041725,184.716904,21.947168
139.964386,49.683819,85.435837,-89.087524
139.942383,110.373512,65.449211,-74.264336
140.031815,3.902603,49.610523,-85.862801
140.065262,169.597382,98.834694,33.038036
140.227127,109.666374,15.245193,-49.240345
140.354553,150.456406,195.229630,1.297272
140.424377,52.053192,150.880432,68.460152
140.556641,91.755142,197.206375,-6.737436
140.577637,157.476303,176.368011,-75.690598
140.812225,21.131742,108.417656,55.653217
140.977310,125.763412,174.839905,-7.246510
141.347641,192.369522,42.339104,-59.731865
141.925201,112.620934,172.902664,-56.479057
142.346039,6.136972,149.208984,79.533821
142.282043,107.049576,104.000824,92.817551
142.344009,189.824585,131.519791,5.040682
142.553406,27.996960,127.802147,47.906975
142.559616,69.662987,158.590805,-26.780460
142.695679,69.102142,93.474426,85.612175
142.732513,72.321198,157.246735,87.546127
142.836105,117.096710,36.926834,67.810440
144.137085,38.636818,186.224030,-24.489130
144.181305,180.774246,100.068420,-63.542637
144.461548,111.908028,159.622543,9.374804
144.810455,55.108543,2.490593,-1.607126
144.976181,70.270523,33.192753,83.530312
145.000046,42.493408,114.327499,-55.410458
145.192520,81.608353,61.743393,-22.859158
145.476227,20.912365,42.688644,-32.142326
145.604691,88.261963,102.969933,74.006905
145.853027,39.314842,147.220581,71.554756
145.851639,137.738205,130.081314,88.224396
145.883560,174.140503,108.125900,-31.113676
146.797607,38.561024,194.604980,-55.317486
146.655960,120.182053,80.236458,-26.615509
146.906525,162.111313,158.362976,-39.251106
147.204605,86.107758,135.179489,81.136703
147.241272,90.372932,67.202873,62.007893
147.294327,172.833862,140.040604,-0.095141
147.426453,94.625893,164.810043,-10.076553
147.478455,147.191696,120.482872,18.202679
148.114502,99.914444,122.888527,-22.622187
148.417038,57.487217,44.005451,-15.446585
148.477356,87.684029,108.380890,82.087021
148.664093,28.829002,183.741470,-13.403480
148.819153,163.404633,74.036873,69.227539
149.149155,87.455544,111.598885,-44.099163
149.220016,46.215969,87.589180,99.242455
149.666046,98.600456,188.111404,-38.082153
149.785797,145.522003,61.359421,30.216433
149.615128,148.408646,187.514297,15.612681
149.980057,185.972168,166.895981,93.014839
150.252518,78.042114,170.093201,53.154602
150.895187,183.602402,126.871284,52.959927
151.278900,159.966614,129.680710,-14.079160
151.350098,160.830154,181.915421,84.951485
151.481400,44.194828,78.718864,-34.683876
151.494583,84.203003,40.404182,-53.138958
151.805038,42.672436,32.692974,35.558582
152.098389,143.205444,87.885864,84.637032
152.263702,48.445621,175.939575,-63.714756
152.473145,124.691917,22.355684,-11.287907
152.712173,154.279434,57.480202,73.744759
152.881195,45.990623,114.124657,-72.767944
153.170731,33.100430,78.765396,-35.616589
153.000137,139.484406,68.026497,-78.264435
153.393967,157.414581,46.042133,9.275865
153.460480,77.126945,158.915359,-81.649406
153.422180,194.750061,148.623215,41.280052
153.611176,143.487671,125.853088,67.951065
153.813858,90.072067,170.238983,50.200363
153.996048,166.642578,17.409920,85.325302
154.138168,58.986977,121.408958,75.000648
154.019775,89.472290,78.257607,-79.191933
154.042480,145.758179,12.241076,-30.776661
154.221207,195.326553,18.182806,-36.572063
154.502274,96.951118,85.377022,-8.526961
154.414230,104.079613,104.350639,70.589081
154.490707,138.167191,9.044329,64.104774
155.097107,10.654505,120.218422,65.718613
155.073212,93.544388,96.308662,-3.477124
155.413300,60.127125,13.610090,-21.171045
155.780228,72.049408,143.804001,4.803961
155.636948,96.478859,39.939602,73.734833
155.609268,106.964302,108.826271,-55.919289
155.723465,172.564896,55.612450,51.568386
155.936722,144.124802,36.928902,74.508247
155.882202,180.318726,24.486860,-25.027969
156.168488,110.666992,126.651291,58.145821
156.619476,177.231400,70.207054,-89.976845
157.158051,104.549232,109.469742,67.166107
157.232437,174.647964,15.495167,-85.904572
157.557327,57.354076,16.838140,23.684473
157.579391,96.454147,148.058044,98.408432
157.457352,111.600235,56.153931,-68.003014
157.669174,104.845299,129.575134,5.835363
158.135941,18.400682,147.882538,-70.916351
158.181244,30.885202,151.968521,59.169411
158.135147,40.374855,158.273865,23.348976
158.358917,10.551177,147.737885,11.302822
158.228943,45.473106,71.186844,9.381685
158.243103,144.317902,141.005569,-67.968773
158.531097,27.385941,97.858574,-22.192556
158.522705,126.892166,145.047760,-82.028969
158.883026,52.474285,153.609192,-80.957710
158.872452,187.220978,46.744534,52.397934
159.118759,105.574135,132.276581,-70.188759
159.548447,178.025467,165.180145,19.376554
159.870865,175.065536,53.878185,-68.162407
160.196335,53.222271,174.490601,68.499802
160.215485,76.230499,34.355827,99.880318
160.506058,75.763161,11.520671,10.837182
160.581360,115.276390,26.685629,-79.653877
160.591156,175.090897,44.049992,30.424877
161.090759,136.988541,49.717590,93.812294
161.213028,144.649414,98.176651,-76.554962
161.700455,89.661201,102.004730,-79.400536
161.778610,175.538589,198.169052,15.360250
162.035721,162.802811,192.212616,-61.429459
162.265564,29.588709,171.300537,52.195724
162.296265,140.181686,162.177017,26.476381
162.452148,98.888237,30.241535,-46.785942
162.939514,13.793405,76.399704,30.213394
162.878281,146.310471,42.002926,29.225906
163.166214,169.277069,15.289418,72.145294
163.596405,95.729523,155.163361,55.207855
163.461502,129.279007,142.834991,25.028921
163.459732,140.904617,139.248917,17.031040
163.651291,20.816778,192.415146,10.318443
164.011078,92.452148,40.367767,11.441846
164.331268,34.559341,19.894312,76.786491
164.348450,104.615044,29.587187,-98.463287
164.442230,12.545906,32.817585,-19.468851
166.377975,60.306274,25.838152,-52.283310
166.202286,125.631020,132.920319,93.516136
166.251907,141.535172,36.104698,-9.406756
166.438141,105.270958,102.087975,61.083221
166.733658,197.377441,173.517807,72.478516
166.841888,199.175461,123.923889,41.640999
167.098053,13.913814,133.732529,40.362465
167.057663,68.332001,116.894653,-63.937561
167.477554,156.163773,0.000000,-2.087744
167.719635,71.083931,31.191650,22.359898
167.983704,96.601273,16.383072,91.592636
167.915558,136.181366,179.750290,89.561676
168.134552,123.891609,141.271790,11.672367
168.570938,178.880142,22.361221,66.469521
168.763397,172.246536,107.787735,-85.477264
168.831757,131.763321,53.295086,43.997669
169.211273,69.607452,47.495312,16.819174
169.643280,91.331306,97.862106,55.921429
169.773376,103.706474,26.045246,-11.875555
169.718689,163.282196,98.460564,70.929672
169.666199,175.743179,181.957916,82.478294
169.895950,169.430984,137.296616,-37.369846
170.554138,74.152527,127.048416,-29.491510
170.563980,141.797119,199.026672,-29.417295
170.487091,143.217133,14.283601,-69.389458
170.535172,155.295837,65.125252,69.848427
170.568542,184.831421,18.111450,59.538792
170.804398,174.973236,39.684193,-47.456814
171.080475,34.889511,35.241463,55.059544
171.000839,118.378159,62.707932,-78.271858
171.580627,38.373657,104.222633,-28.964016
171.550690,100.812981,26.107141,27.627731
171.431412,197.017685,135.055099,-93.264442
171.745712,91.569748,108.119560,-38.696712
171.645203,133.089828,146.395462,52.764118
171.949966,93.342880,178.915314,15.057158
172.085693,102.782867,196.732346,4.767993
172.320724,38.860161,192.022385,45.755047
172.267517,183.729431,51.924091,73.805565
172.882202,36.987335,157.591873,23.236952
172.890427,51.927498,3.342999,-47.788971
172.838409,168.474319,190.830460,-7.735233
173.097397,5.237013,77.604874,99.163940
173.145187,52.815742,158.033783,17.854595
173.300552,45.554092,85.667107,32.917557
173.594284,98.329620,38.655273,16.104147
173.524048,179.873398,60.394939,33.590660
173.770325,89.316475,24.688057,18.463261
173.829483,76.963402,161.938828,-28.351149
174.144684,78.463516,197.234070,4.898413
174.347595,44.466377,155.646652,-59.854084
174.288361,94.488327,32.572193,-63.667988
174.395370,180.168533,72.949661,84.359940
174.665680,25.655436,40.768559,57.900600
174.712952,39.320251,109.940155,36.735073
174.787415,145.010071,22.904316,16.283308
174.652283,190.425919,52.812412,-34.482758
175.162888,21.855633,42.225243,99.522797
175.359802,30.608154,128.515182,-68.835480
175.596451,31.724329,178.651611,67.303780
175.480057,184.635025,113.036247,-9.521349
175.757767,14.515708,31.431070,44.129738
176.003845,44.610603,55.088245,33.923447
176.187027,55.004498,36.708229,93.037315
176.108902,135.430527,60.058109,-55.664791
176.828033,106.484184,7.115122,8.752765
176.937027,147.876160,177.711121,0.989381
176.828430,199.787842,76.429543,-52.900536
177.294678,84.474800,85.155136,33.678974
177.875732,15.908143,75.366898,-10.321050
177.974426,36.196514,45.744915,7.147635
177.865402,53.183731,170.696808,-71.833389
178.007248,38.231831,142.352020,-66.909782
178.047791,128.966888,145.602188,-36.966663
178.186218,196.932022,146.935364,-62.025158
178.242188,62.262680,141.631210,99.722466
178.479736,16.462383,120.653801,86.799751
178.760406,13.399625,172.129715,-34.821251
178.646851,119.675873,157.973129,-35.957214
178.686157,157.261948,199.364075,43.845234
178.851547,175.473236,148.218994,-40.304028
179.554321,25.486057,37.097599,-64.798172
179.491653,126.344490,92.294205,-41.337746
179.727112,24.730713,134.136795,23.912582
179.727142,122.178734,161.312271,-50.316269
179.906082,39.172314,170.895538,-12.548365
180.363693,35.840710,83.385109,-83.170876
180.414749,35.489159,73.597404,15.235428
180.741943,79.190147,18.895384,-74.355972
180.824173,171.224197,2.086917,27.695465
181.014435,188.134262,53.251419,-11.861324
181.363770,91.630257,6.415065,-15.027962
181.372986,153.612305,89.666725,-48.498657
181.719223,111.029259,6.103458,-78.400513
181.741165,152.001007,6.180364,-47.195438
181.824265,121.009827,96.584999,62.429642
181.895126,157.016861,96.169556,-84.084991
182.179398,5.398739,105.695251,98.014900
182.292557,183.750717,102.747627,-75.852615
182.710571,77.538910,10.148659,27.366798
182.870941,67.245697,143.322708,88.086937
183.048431,110.166542,22.123302,81.589066
183.383209,92.387199,16.599195,-50.848988
183.508682,92.404060,186.299606,-90.332893
183.738251,58.258034,115.238358,52.753010
183.858612,2.342631,71.633904,-6.631141
183.947418,47.432426,136.173782,71.870071
183.852264,137.906784,0.921669,1.316418
183.845306,179.461884,29.315466,25.614130
184.751373,172.467194,82.249855,88.107536
185.260742,121.984528,184.415298,-64.316246
185.525772,117.420593,48.327015,12.383063
185.981079,46.955765,162.841125,-89.298706
185.944687,110.206398,133.374481,-76.440514
185.903854,180.912170,42.446602,63.293797
186.392670,71.040619,114.765884,-71.569405
186.676453,191.103256,32.006035,11.101628
186.857529,97.125862,7.810336,-66.309097
187.392288,51.788353,115.672279,-95.324867
187.809784,40.182243,34.698387,-98.251137
188.177048,91.475540,71.119514,-13.357611
188.277771,32.529137,143.448944,-25.546061
188.632599,112.475433,9.435621,6.589045
189.507980,32.938843,48.871216,56.219585
189.558289,126.271187,17.486393,47.729736
189.455704,169.883255,56.543259,-7.002531
189.690964,27.697529,127.813156,-64.143539
189.709457,29.297218,8.535366,17.793121
189.787262,198.178024,88.114548,54.642944
189.999863,75.824860,65.574364,-46.543438
190.484207,151.020126,24.256935,-94.551567
190.946182,99.467140,4.253111,87.021370
191.180511,4.353810,42.909977,-48.255417
191.058411,57.860859,48.475033,-58.714764
191.232559,30.409916,23.916065,35.879444
191.347717,48.203171,33.506863,-16.885948
191.378754,63.453220,0.143772,-94.126617
191.368942,184.899231,41.239212,64.220039
191.562180,153.680267,46.526180,87.548347
191.648300,26.206272,39.985302,7.885889
192.142548,5.125918,63.932747,36.295799
192.191803,128.205811,118.970619,-53.444908
192.652557,73.319885,92.001968,99.979240
192.779800,154.988251,71.411629,-74.854095
193.214340,144.138931,6.116380,88.718811
193.880310,74.215767,127.131264,71.771851
194.353470,173.087875,194.757172,-79.082230
194.527054,164.054733,93.548851,31.738419
195.441757,93.044670,187.936096,85.453804
195.405304,116.348976,190.478668,-91.193932
195.513840,149.597412,64.844109,99.275360
196.139145,64.139206,101.849266,-97.657997
196.150497,114.860832,78.632179,75.101929
196.197266,130.196426,25.519114,-33.636906
196.101273,163.361053,61.314915,91.230370
196.563660,22.260216,194.823685,-85.206078
196.425613,23.368774,199.173477,19.460091
196.901825,187.263000,47.959618,2.443269
197.310242,121.422050,105.007957,33.656639
197.240753,130.451767,96.677307,-97.034004
197.557098,20.122683,80.601295,-41.037762
197.758179,123.973091,62.816650,-3.527431
197.856155,170.269485,171.726669,62.470394
198.107758,167.946518,140.529358,26.298096
198.380035,151.662964,58.312531,-51.446762
198.723053,12.924146,57.457546,20.632196
198.740692,34.399624,66.659515,1.760243
198.646973,179.611084,33.406219,42.383030
199.032257,87.920692,71.422882,81.521309
0.022637,168.713486,114.542534,-71.509560
0.000000,185.170090,38.116222,89.102608
0.446122,144.573151,80.507477,-95.667747
0.786247,5.124830,99.914955,57.865784
0.746734,132.229767,17.201918,52.900158
0.745134,159.322250,76.664040,98.733482
1.259972,98.810158,161.158691,15.166987
1.999999,14.667113,42.445164,-11.350803
2.084689,98.098618,116.427071,35.575478
2.063530,144.576721,138.129501,-23.228077
2.258209,75.961182,96.039673,-48.835201
2.300375,95.115692,180.297943,-30.341412
2.554621,127.798019,172.127533,-45.667545
2.404688,155.700699,101.331444,-8.456915
2.657092,150.407288,145.580139,3.573482
2.802138,34.796871,125.475479,-66.374306
3.271070,185.332687,88.668236,-16.637636
3.483957,10.897120,159.501404,1.079563
3.724090,98.462402,95.384857,59.595043
3.893969,21.583071,45.755070,-85.371170
3.943681,73.581856,114.026520,18.226099
3.920330,168.801102,163.661270,56.949051
4.051091,39.525898,136.317337,-60.321724
4.097826,86.305534,146.654541,82.912071
4.231204,156.343887,87.359245,63.693283
4.720576,92.078568,30.152172,85.778000
4.740302,100.963615,123.555130,-12.781898
4.608180,181.343094,48.218277,8.454522
5.012293,132.502350,30.435450,73.000198
5.176344,171.404434,72.460609,44.375713
5.218694,175.211060,190.052109,-99.722961
5.454251,33.412556,158.083160,-29.452822
5.865183,190.659393,153.983551,-70.049812
6.210718,23.805889,162.238190,-27.142878
6.304954,57.201786,162.584808,-12.329901
6.800001,35.780457,74.913620,-46.296661
6.880121,102.501762,7.656327,-98.390930
7.317392,89.373810,174.807938,-88.009804
7.639993,108.233826,13.199739,35.720818
7.956065,13.934674,59.083382,29.601017
7.899198,60.812752,51.489368,22.232285
7.942412,126.922470,12.331563,0.539275
8.338463,191.168015,18.763565,35.266071
8.481942,93.395554,41.698547,18.228329
8.794497,151.931091,193.595383,14.395418
9.584097,60.533916,73.990662,18.732210
9.451675,161.164520,45.657116,-18.594633
9.616086,50.439514,90.810883,-13.162932
10.090704,82.667114,182.464783,57.945869
10.493946,12.138023,157.980347,25.195251
10.624850,79.771172,64.574593,-99.608238
10.866083,97.703232,130.768921,-12.662035
11.184708,150.718307,142.557938,68.579315
11.287506,58.420807,50.414993,72.676872
11.273352,110.291725,174.709595,51.403385
11.577459,107.694733,198.888519,-44.114662
11.738214,63.163574,169.438843,-94.461647
11.707888,104.626259,6.882452,91.803497
11.638746,170.056580,42.615177,45.452793
12.174765,76.453964,44.636971,-34.741394
12.025274,87.985443,126.942154,80.455383
12.501987,27.224426,119.085083,71.100334
12.451042,84.589874,184.830719,61.906742
12.592478,170.175034,173.421585,34.368183
13.125537,95.031631,138.164337,-38.709164
13.305364,30.091154,162.179459,-57.381184
13.520815,29.010738,55.109962,61.257557
13.517503,84.713875,191.880661,20.696297
14.535363,6.851655,144.282852,-53.964195
14.782669,11.894352,24.273045,-71.320129
14.610325,177.022934,72.073402,-96.925934
15.227359,36.226379,28.384384,28.910419
15.617905,60.990307,178.079651,-45.091446
15.903454,139.555786,179.804825,70.858803
16.154381,45.776592,2.444684,-15.166845
16.697378,148.730133,187.267151,-64.354248
16.854771,56.994564,192.511063,-5.689311
17.152565,9.385390,88.730453,19.876099
17.103601,117.762978,58.974312,67.096054
17.736917,39.032921,74.235199,-86.550049
17.790150,40.659958,171.297714,-88.365280
17.632368,74.259674,80.280411,-70.794151
17.676981,137.997375,149.701553,-66.476532
17.995945,115.065300,34.949615,-53.732395
18.208122,20.759031,60.360920,-97.180351
18.204617,72.435623,8.329275,-80.331978
18.793119,36.904003,59.759754,-2.527066
18.895195,185.071182,85.077232,-87.701355
19.327351,186.720291,57.372589,-60.498447
19.311192,196.834305,116.332085,35.819485
19.568295,182.953888,100.040077,-92.597649
19.775915,122.292404,14.835036,48.687843
19.837521,130.916656,19.169664,-82.179565
19.887451,131.804871,121.375343,85.459000
20.141193,189.231506,53.357170,25.061857
20.378828,69.583328,103.947800,35.402622
20.339371,141.111206,110.772285,34.187424
21.418858,156.930084,82.018471,-9.322305
21.742704,19.236338,85.776360,2.156781
22.044628,89.477219,105.865768,-37.874035
22.308596,88.520378,183.845367,95.942184
22.473339,46.330563,52.908318,3.939609
22.473238,192.931000,91.880051,-57.437798
22.433249,193.783524,20.819136,67.226814
22.617859,53.132538,99.001022,-94.192039
22.825893,157.683441,183.460632,-7.676018
22.856768,185.110046,181.747879,-4.904709
23.073580,57.101223,13.803482,-85.291084
23.329525,164.171188,186.167068,92.219528
23.261518,170.612885,90.043068,-23.734959
23.479162,16.776049,166.134766,14.013187
23.592276,107.012573,13.970565,-81.825211
23.701469,26.954803,107.250801,61.359875
23.634905,166.853561,64.258591,92.851357
23.859488,61.202461,65.509102,-77.627396
23.842249,92.154434,19.892595,-45.649239
23.944565,162.945786,68.181870,-14.320285
24.005461,155.573135,155.703598,-72.852295
24.066225,171.582092,31.814924,73.452522
24.235756,56.113880,73.269493,9.837325
24.474184,162.992691,69.398399,24.615036
24.766544,71.896599,174.311111,-20.921442
24.660597,170.383377,103.120468,97.132385
24.849470,78.244698,58.592297,-19.867014
24.869894,87.739586,146.291458,2.736037
25.284246,198.813248,86.132774,55.284534
25.764174,86.047859,179.209198,49.279358
25.980724,62.912590,136.991440,28.734360
25.811871,69.499451,21.119909,-26.021929
26.154623,139.854782,102.093109,93.220901
26.143250,171.460526,146.117523,-62.108810
26.225500,187.606247,119.784828,-49.520046
26.473846,1.465231,107.799744,91.781494
26.723534,43.939651,119.310638,-77.932648
26.888769,16.073545,125.849236,-78.985046
27.030182,113.029396,46.076591,-98.941490
27.088642,170.244568,42.455036,61.103325
27.347593,66.877327,7.257085,-15.092266
27.918217,58.037308,84.487396,-59.153648
27.837248,194.306946,27.359461,-78.874298
28.115566,71.935333,115.507294,48.157814
28.192326,188.081848,151.092468,-79.597809
28.317364,29.353413,43.784931,-45.326828
28.230680,46.939461,84.398819,55.038071
28.354650,60.479782,176.316772,-78.466347
28.784897,70.693481,69.418083,-52.817692
28.839449,81.272301,58.808014,27.230131
29.134039,152.328735,71.027626,51.428017
29.294947,142.484329,42.187290,-38.408092
29.599043,99.342278,89.397057,92.513298
29.854849,143.386688,68.587936,-11.970918
30.391617,0.000000,124.115723,-98.103157
30.338120,180.515854,179.434158,-88.461159
30.485331,16.484930,103.503197,64.521988
31.107998,16.145485,77.799126,-29.826254
31.161058,74.910393,48.450329,-31.937881
31.123426,156.554031,5.807721,57.060768
31.785908,115.926514,156.388641,59.319820
31.911112,18.049925,49.819309,47.153549
31.966604,24.535095,23.481434,66.120453
31.812855,182.767639,58.849255,-61.545723
32.184917,146.407349,161.810608,-82.797203
32.426350,29.613348,21.995817,-45.753143
32.569092,79.374817,138.118378,25.716764
33.073715,107.252647,195.467392,20.489750
33.344719,47.617313,125.539619,-55.257893
33.307255,57.581226,89.501785,64.483849
33.767998,36.344276,18.669498,80.738083
33.867798,95.259506,25.768328,93.275879
33.846725,110.271332,54.856579,-17.563511
34.075104,30.947453,82.154549,-78.819237
34.169361,113.174690,152.000122,-35.785942
34.699806,43.076469,45.809216,99.900307
34.776432,98.657791,134.198288,49.064739
34.649590,137.892899,162.974503,-38.459290
34.845161,112.289902,77.630890,66.368225
35.375923,43.692020,185.067856,-74.867592
35.964882,68.293068,116.662216,66.704689
36.014851,181.550751,178.199875,-30.729919
36.277584,167.194534,70.456924,-17.298986
36.213844,176.086670,48.022488,76.120338
36.480453,24.228128,25.325012,70.338211
36.530792,57.968678,98.684479,31.243282
36.749554,172.738968,61.864803,-76.262657
36.790390,177.492920,172.094162,-37.802647
36.757362,187.968369,41.088104,37.725208
36.994438,108.659729,139.089294,-94.958687
37.073914,46.713062,180.067307,50.551064
37.271744,1.470641,182.716492,-66.601006
37.245998,122.969536,164.610443,-9.688531
37.627895,55.232464,3.451577,72.498322
37.616070,100.817345,159.988129,-0.745668
38.240437,34.030926,101.153099,-74.021896
38.488022,160.559235,181.306824,-66.714912
38.701820,105.625862,182.640671,29.680180
39.162476,24.050200,192.289200,70.832176
39.053417,42.962467,50.715855,8.779884
39.571735,176.436691,83.050835,-0.160765
39.628483,167.986771,97.406105,1.666870
39.812675,129.496475,149.106232,-73.216225
40.181011,86.363792,128.881546,-17.793604
40.129967,127.369347,61.904827,-80.611221
40.357204,73.141594,12.151573,-89.663345
40.806759,95.978226,46.887459,94.549965
41.150333,13.821400,154.999557,-58.453899
41.284615,68.545380,22.229582,14.431474
41.561085,20.975758,124.977501,66.002853
41.895660,15.124237,60.543671,43.258244
41.857849,148.437805,55.814644,10.824994
42.016350,197.827271,102.195267,-83.831749
42.764584,189.676605,185.462372,-15.211877
42.650799,195.277298,148.640671,-5.236382
43.393661,18.238319,0.238781,-76.081894
43.388599,77.922089,93.569023,-1.723826
43.522675,35.668118,111.486626,95.353539
43.644188,107.017090,184.082031,56.209827
43.856842,98.055496,188.149521,22.450893
44.176292,39.142509,52.143776,-10.572566
44.248917,92.404541,156.595886,-70.093620
44.760910,139.354141,66.107216,87.087646
44.947475,169.769867,197.545776,-77.393433
45.367779,55.286991,143.293610,-15.544105
45.559223,1.042835,24.537035,-49.969284
45.411201,77.438774,49.374210,72.350746
45.937737,51.877815,192.156845,68.526070
45.904804,78.683533,47.061649,20.074856
46.164795,154.758026,21.937769,-98.992012
46.330486,20.943760,184.032867,-94.416382
46.745583,126.020721,147.673035,29.092850
47.348125,159.675949,86.840431,63.533211
47.552845,106.523758,89.714386,-72.745476
47.709965,155.402130,13.456909,41.153988
48.210152,32.877716,9.139760,-95.508858
48.391556,45.331024,101.409317,39.581596
48.315933,188.857498,146.887848,-37.462490
48.594330,160.211014,39.366837,-86.438393
48.781208,113.067993,144.675247,-75.885750
49.015770,37.891106,133.213470,3.959369
49.083580,38.952869,192.073990,-68.538231
49.081497,88.531509,56.679249,72.494186
49.193817,118.692810,128.725601,82.737289
49.347759,30.358818,87.158455,66.110397
49.333424,145.016724,118.518570,-35.380379
49.573616,5.807611,184.402390,74.144058
49.703209,0.001456,61.090225,-97.566269
49.630951,68.600845,59.729641,-25.908535
49.631302,164.721100,45.303532,-14.743511
50.001640,159.152161,112.675705,-47.370800
50.527893,174.556274,194.109131,38.122257
50.952984,55.703266,59.896004,38.348454
50.956459,63.980228,189.218643,49.316799
51.070148,26.186357,181.885803,-70.420715
51.149628,88.799286,149.699280,-52.157902
51.241573,104.331604,58.022545,-97.007851
51.511494,145.081772,80.692932,96.250496
51.836643,27.425365,109.812210,-18.383717
52.109962,194.580978,5.499567,-66.551216
52.336941,108.138367,13.679238,-4.310614
52.318203,146.143417,7.073317,-70.909065
52.388809,175.694550,83.213959,-50.954964
52.625988,18.774975,84.942703,-36.013264
52.770367,26.042900,166.194138,10.849733
52.633774,39.969433,37.441574,-2.934850
52.821293,59.328907,79.104065,4.767776
52.893795,122.049675,170.783844,-2.531628
53.459435,61.158119,116.218529,19.737043
53.440651,95.117455,139.934769,18.904657
53.669735,67.200645,48.216469,-37.307018
53.912411,199.490952,127.717430,32.581680
54.059887,81.245941,72.628693,-57.593536
54.281975,100.843147,35.446808,-40.859287
54.249851,145.340561,149.353851,66.310776
54.858360,45.513813,157.508987,52.023621
54.945358,95.892601,124.284264,-9.471589
55.152336,67.225937,53.564758,-93.330147
55.001812,92.995880,153.629623,-72.757889
55.284954,6.477940,29.540014,-32.716476
55.386757,188.660370,196.763687,-57.942478
55.655922,16.252623,104.892311,35.687309
55.941734,50.353504,173.653030,-49.452190
56.504761,120.405823,79.012367,-35.531178
56.715435,20.842505,147.503403,51.984451
56.614281,32.503792,86.007507,-83.366180
56.837078,198.995712,74.621262,15.631775
57.321892,118.634880,63.751564,-85.385025
57.421585,99.697174,164.917404,60.978203
57.800793,3.454566,153.286407,-3.410939
57.932671,5.994773,72.176346,-6.985406
57.800770,9.306903,137.676010,86.044472
57.850513,50.151726,111.434486,-84.988846
57.807198,186.096466,137.931763,73.324112
58.811253,34.161312,66.131851,-40.915722
59.204708,4.766886,4.347718,13.038733
59.250008,66.831680,137.923782,-46.761341
59.325550,134.681885,130.096115,86.872688
59.376602,152.830460,156.123566,29.236410
59.548801,151.880753,25.407015,-11.145458
59.602707,8.105077,52.273502,89.594147
60.120106,154.903778,136.072296,57.760242
60.275600,148.862213,37.626106,6.282393
60.598694,31.842787,121.672264,-95.812981
60.501869,180.303879,68.740295,28.891743
60.737232,69.823471,130.367081,-56.208775
60.911850,3.384646,33.625557,-65.363312
61.173309,169.614456,103.641792,95.110115
61.295132,26.392929,25.737963,53.903889
61.246780,67.899750,164.625473,76.553795
61.288967,87.465088,137.782990,-83.204636
61.525681,23.509201,5.555594,23.792093
61.460693,32.198643,146.711716,-56.816456
61.520336,156.495544,190.231949,53.701420
61.908878,1.488372,62.058632,-60.591396
61.997906,54.408909,122.177704,94.921059
62.209091,119.170341,79.661072,42.650261
62.598614,181.485321,55.863083,-56.937843
63.260494,7.344328,176.862534,67.834190
63.334515,97.284073,135.656601,-85.507660
63.965565,11.482644,33.815529,72.084465
64.028496,136.293365,172.991684,-94.465515
64.592537,41.501328,97.478622,92.229454
64.571205,66.033180,8.863408,80.272026
64.548004,85.936417,79.383980,-69.106277
64.965996,19.754169,138.656540,28.131939
65.188889,20.130655,9.622572,-12.016556
65.141312,89.490608,42.956333,26.746502
65.109810,117.077927,166.370544,83.004898
65.110657,148.884857,38.459316,26.702942
65.587593,52.854595,64.117279,75.220268
65.773239,40.319649,111.684105,48.007092
65.870285,0.669419,10.756303,-29.766558
66.144890,1.259166,158.069656,-75.947990
66.116600,22.045525,142.464249,-8.433336
66.039001,159.498093,166.086853,-35.643547
66.341034,43.520660,197.710663,81.858307
66.571037,113.354012,165.915268,81.762779
66.638084,56.877289,119.807343,57.802975
66.613304,92.656097,151.829208,-2.476972
67.161026,160.593658,193.966034,-40.145477
67.376884,81.811783,109.384254,76.283180
67.321815,92.782860,11.854481,65.356148
67.545273,58.950817,166.738556,75.159592
67.525429,92.357979,63.839954,86.531326
67.407631,153.007660,95.902130,12.619412
67.755936,34.268669,97.598076,-85.268265
67.878258,15.672580,98.952248,-75.605003
67.815620,18.382351,135.184082,-33.037411
68.355804,13.593558,10.047388,-99.919319
68.843651,90.036301,48.264503,19.937588
68.990822,111.499847,46.892979,-93.304031
69.121460,10.197523,169.310852,-31.725773
69.141785,14.984285,195.005676,61.441525
70.085564,167.142441,52.733784,-71.216530
70.509331,172.475525,140.256378,-0.389572
70.695374,101.005760,64.984245,-17.757296
70.768059,136.951416,134.461029,-75.469139
70.650887,187.205719,80.380791,55.513584
70.844444,7.319135,80.673958,52.009243
71.112862,48.849277,3.485445,-87.340195
71.297440,25.616703,129.878494,-87.986290
71.337318,158.220261,160.563232,-97.104286
71.476051,127.439346,112.020737,-27.795738
71.784889,163.129471,43.365170,30.579454
71.614876,189.929062,47.812527,37.488468
72.124962,6.163434,58.363811,91.522751
72.224136,148.574142,91.344200,53.209526
72.422516,157.604492,139.159927,95.924805
72.718491,129.483124,5.271323,83.713577
72.977638,136.427933,46.798794,31.751154
72.901802,161.871643,116.285431,19.752144
73.095711,14.582975,5.572508,-50.905231
73.008583,124.942345,63.515957,51.860443
73.452690,96.469421,93.493935,5.351178
73.982285,140.081299,104.832458,96.333000
74.162872,37.550671,47.793530,-99.285339
74.046333,136.403336,3.454260,-33.858871
74.545204,34.535793,136.212524,-91.972252
74.718590,152.516220,172.855972,-7.144670
75.376175,0.156656,81.164749,-88.769737
75.524017,44.000351,48.956348,54.079292
75.656761,185.762573,111.296844,60.583164
75.976936,143.839798,45.615520,1.303605
75.918861,180.630127,62.826668,14.761597
75.954643,184.260101,37.359673,35.255653
76.829742,116.009590,110.777145,53.948822
77.264984,122.940857,51.899040,-23.576794
77.649704,175.984543,150.879700,59.128399
78.769150,39.344696,35.999100,79.801712
78.971153,11.167333,17.410219,-23.988836
79.090347,8.075690,10.086222,-39.178074
79.069107,162.589310,71.536469,81.258720
79.565742,70.928932,6.053956,21.417175
79.656090,57.278336,69.252029,-1.761244
80.047104,80.361900,162.075485,-40.329205
80.371513,28.360523,141.123840,-91.860832
80.282074,46.370525,92.610260,-85.728661
80.365219,83.590881,72.348076,-6.463421
80.343674,152.046463,186.293396,-48.497089
80.737976,169.932281,17.859261,-68.401695
81.225616,99.251144,166.167252,-68.518494
81.731445,72.334038,52.989120,45.739685
81.838814,16.576246,155.354752,-88.572273
81.998383,88.889053,44.785015,0.566154
82.028923,22.047743,114.712685,-86.824883
82.192467,45.333347,129.058472,-69.745148
82.343750,105.143265,101.179268,-78.403938
82.633911,43.783939,108.874916,91.884735
82.794868,52.821407,139.292282,-99.515167
82.754684,141.371368,132.052094,-90.864899
82.855461,11.702908,106.723953,37.190342
82.812080,94.100563,103.282509,52.413620
83.104324,0.749859,190.451996,-49.609997
83.125992,80.211594,23.837521,28.671354
83.056503,119.170341,26.285782,-10.800966
83.283844,94.939713,82.663315,-43.292053
83.399704,104.852585,178.558289,36.464005
83.263786,192.590469,115.729813,-93.690117
83.423332,187.869278,34.396423,-19.236340
83.831520,20.397585,198.091782,-51.745598
84.379227,22.241169,3.887941,74.219734
84.447510,85.491943,45.434826,75.173332
84.683113,68.670715,159.350464,76.999664
84.770195,162.852798,45.268040,79.681236
84.889542,39.088253,153.957932,50.729309
84.924126,149.368713,107.285881,-88.165230
85.044182,51.896725,9.646255,-99.448738
85.439949,39.322948,118.675850,-24.902777
85.637604,177.274582,32.153946,63.084286
85.960663,100.944023,74.866302,43.865288
85.987411,140.664047,160.889465,69.606499
86.361961,87.349075,136.555878,-14.141274
86.249710,170.203110,66.560425,66.304596
86.590019,175.629440,153.186447,-5.963253
86.854301,85.213104,22.901976,-62.359982
86.913773,135.325668,108.769623,11.932031
87.380989,78.592781,14.879415,-2.384324
87.536652,196.775696,140.569992,9.822522
87.680046,56.298229,22.454720,2.990376
87.661140,155.773376,172.120956,17.627741
87.851479,1.158509,71.601074,7.927927
87.951881,114.481438,20.184444,-32.873253
88.789871,60.774212,197.108963,9.767074
88.928574,90.928864,174.832596,-56.233459
88.976486,176.538361,5.701516,42.721394
89.097923,105.512955,62.019535,60.646023
89.237785,11.018294,80.617035,45.255768
89.295280,112.019470,57.416534,-19.140913
89.694153,80.293655,133.239655,83.636185
89.994270,86.241898,139.357483,-16.266443
89.930878,106.083191,22.086979,-63.260902
90.138634,133.349319,75.252457,-68.014778
90.321175,34.239571,77.429321,19.095480
90.280975,130.831955,177.342178,-34.350906
90.643326,40.818436,164.687546,16.841309
90.829842,19.117823,148.669388,29.994572
90.952225,137.427887,30.312910,33.552696
91.213043,84.547760,135.736221,-59.603302
91.270164,119.848587,181.097122,-52.487091
91.676544,162.532410,99.500374,-80.636253
91.948067,180.123001,128.011124,-2.907141
92.593941,199.682632,34.915127,-20.453539
92.624390,179.729294,94.381630,-37.229721
92.917763,176.412689,165.233490,-61.971527
93.178459,138.179611,110.936714,93.264000
93.308769,2.128396,42.436768,-52.874344
93.382065,173.471695,149.086151,-32.073391
93.468742,6.855990,28.771421,-2.047604
93.538376,74.147713,142.703262,36.905270
93.472939,149.666916,81.266937,-59.309452
93.617378,42.623749,145.459137,5.658718
93.673019,129.945190,114.850975,97.581215
93.923088,110.894051,41.381207,36.969597
94.175140,76.798462,108.327332,74.059967
94.444275,102.879845,188.840759,67.235588
94.498390,169.740219,115.106255,56.593849
94.698921,66.043076,100.245369,-57.927052
94.832275,80.656189,174.859573,-84.781494
94.848236,101.863419,90.282143,38.268513
94.986336,120.478294,193.836914,12.082618
94.805405,193.318954,161.535446,-63.846596
95.320000,7.071035,137.821564,-53.724274
95.697159,44.435333,116.468361,-4.473032
96.176529,47.822376,166.800247,-59.805313
96.016747,141.391891,170.256882,-37.952572
96.263908,1.950347,0.000000,-20.797678
96.237862,103.557411,171.947845,80.847275
96.311455,187.908401,81.497093,57.415222
96.730133,9.329064,119.680016,77.683708
96.984619,106.425911,47.280712,-23.897444
97.195595,24.468597,25.302061,-39.771748
97.194588,46.487133,175.198486,66.674248
97.247551,14.868773,174.606262,-66.971161
98.457069,60.314259,88.902840,24.048271
98.554230,60.806740,37.761234,31.627480
98.405502,79.671761,61.578674,-10.558253
98.694557,181.455627,55.753670,70.862709
99.072845,49.252956,103.389656,-35.803810
99.017586,116.195229,59.815128,79.030098
99.214828,62.592690,168.384995,84.545403
99.233414,159.594925,138.680130,-22.300684
99.310226,167.912064,87.382942,-32.751987
99.529388,68.056839,39.511436,16.254986
100.348427,84.608879,33.340076,63.064903
100.266502,196.932816,171.166779,5.987187
100.860359,6.322502,166.614365,22.982840
101.157646,183.663422,134.886490,43.281872
102.146393,21.697193,80.439430,-18.601986
102.091156,82.586678,138.183411,-66.325897
102.245193,138.653549,65.247437,-73.940277
102.364342,179.047440,163.521683,61.906376
102.702400,94.605362,69.840027,21.789845
102.894691,175.979233,63.355545,-11.470592
103.007446,104.818848,78.764572,63.315037
103.136459,154.747818,64.168602,-79.290939
103.306740,13.671309,137.036392,58.337372
103.298576,180.419800,7.158625,-92.129272
103.527657,158.471786,188.184097,-95.567123
103.436546,196.281723,140.191895,-75.603828
103.786926,74.267853,165.533752,-4.361503
104.124939,14.032116,1.920587,97.049606
104.299408,169.292969,156.447235,21.305321
104.594078,158.149612,66.480522,1.026250
104.670670,159.040359,191.572388,83.977409
104.999763,21.043913,33.339504,21.773432
105.370018,57.072151,103.116295,27.897505
105.329758,159.563797,93.415359,-81.265839
105.488564,22.477871,138.169647,-79.522903
105.558800,124.077469,25.703814,75.805283
105.810318,113.438675,39.425453,-29.576229
106.515091,167.290024,53.032490,94.850052
106.911560,130.860672,60.396309,22.553555
107.164803,15.662274,47.762024,-5.061780
107.231483,24.091381,169.437302,60.750683
107.517349,178.688248,156.716599,7.358497
108.441734,11.397853,142.519394,89.951630
108.465057,154.821945,172.856506,38.578407
108.602150,13.161973,149.805420,-4.657751
108.685402,72.672630,114.262390,-79.164040
108.933411,6.011379,177.605499,39.809101
109.139137,10.518791,187.232101,88.432098
109.046791,195.673584,90.381187,-40.907158
109.333801,22.087090,195.087448,-36.618881
109.356224,66.944115,102.273766,-18.602604
109.286079,149.068176,181.404343,-96.049255
109.451744,30.820843,72.043335,5.758574
109.630356,56.298737,61.993759,54.205139
109.933449,43.349812,120.341675,12.035027
109.967461,188.296844,16.434135,-45.232750
109.907829,194.720215,104.852776,53.195522
110.104195,194.505676,104.089142,-31.459785
110.684021,175.584030,72.498604,-88.047134
110.811928,77.680046,103.351158,75.163765
111.122498,148.558380,185.051437,57.683388
111.291542,17.864721,98.581123,72.383957
111.414658,39.542431,166.267029,-86.503685
111.542206,58.132927,105.786545,-68.797287
111.417061,147.327087,138.856277,81.806282
111.664330,86.818497,183.329330,-2.835117
112.080307,130.533157,29.199408,51.697731
112.233986,6.045786,75.284927,-62.184383
112.410568,40.713440,101.461731,-35.945210
112.677063,156.776596,92.680130,-96.477516
112.780434,174.189575,108.623711,-27.721373
112.819145,91.136955,9.062180,-50.538364
112.843102,191.432007,138.632416,-91.863876
113.478661,194.563263,189.635727,16.592514
113.884895,5.420473,178.983704,10.470734
113.802223,53.784801,109.042686,42.375134
114.152168,3.269984,121.912079,38.507809
114.093040,104.633545,165.534500,-34.258583
114.007515,140.862350,116.872757,66.760712
114.325905,131.928436,28.245031,-86.604813
114.570557,69.259247,6.874224,-31.174759
114.440941,70.524437,64.654320,27.494986
114.609688,190.156281,181.476974,23.590487
115.046211,112.430153,126.853302,46.068737
115.018051,180.531189,102.602051,85.127380
115.245735,16.358774,152.966370,80.524841
116.176102,187.084335,87.380653,81.223289
116.333084,35.619247,69.362373,14.190484
117.252411,172.812256,40.204876,29.162193
117.291557,177.589523,187.529465,0.432901
117.416267,134.556519,12.590066,-31.066959
117.670151,105.645912,116.376518,-29.290400
117.671555,130.716644,116.577278,-93.593002
117.811562,15.769156,87.764198,84.050133
117.895912,33.773758,34.611450,-58.919857
118.355698,110.535416,33.560680,-21.536833
118.327095,152.476151,162.934830,60.563152
119.120415,21.789495,122.931343,-22.961853
119.503220,12.602149,31.887556,96.899445
119.491585,175.096527,190.924362,10.028472
119.687622,14.689997,64.047394,-59.243919
119.603622,57.626808,64.815620,92.706108
119.758522,93.692841,0.985319,-30.552481
120.242256,67.306648,164.636505,47.880878
120.294952,160.003738,197.974274,17.371328
120.635551,15.740896,8.820024,-23.416641
120.674889,138.398575,172.874893,-41.977348
120.790733,148.769073,88.292946,-52.595581
120.952217,2.179180,58.348259,-90.245018
121.386925,51.326908,74.460831,-26.754385
121.446938,40.009686,136.843369,73.041954
121.470352,77.208229,159.406143,-84.747162
121.628838,8.589517,10.291080,-20.918993
121.655167,51.716557,185.041550,55.648399
121.728577,115.644432,191.393188,-73.028152
121.750755,175.858093,71.062286,90.506248
121.852226,33.788166,42.743774,-26.619963
122.224716,101.226463,133.046539,-5.674558
122.239182,155.658371,27.832142,-55.432682
122.707397,28.569490,49.476578,-12.190447
122.630394,168.503906,115.291595,-21.793219
123.268829,178.068542,101.949966,56.986923
123.455116,44.362694,170.694717,-8.733281
124.429779,99.973137,68.552872,-53.451271
124.725388,77.934723,56.254177,25.560207
125.021912,3.138124,36.080708,89.327271
125.298820,3.235168,46.074368,77.940636
125.289825,39.849091,50.819511,-16.209881
125.580650,5.684296,129.775253,-82.336189
125.642212,14.494756,164.438583,-24.067556
125.778496,103.933685,77.556572,78.781883
125.672592,193.494904,154.556107,2.425153
126.001678,127.969284,146.531494,-79.720856
126.571060,69.641556,8.557111,1.283503
126.981133,72.291924,170.706039,-18.240564
126.971832,180.209717,153.116287,-2.009031
127.584183,21.697701,99.124771,-32.643925
127.725250,68.756668,131.544083,-66.050903
127.739639,150.662674,141.253296,72.091957
127.714333,187.793167,41.628963,30.629492
127.998741,59.686680,161.387527,38.450699
127.927780,66.271599,164.048309,-58.854420
127.815620,126.911003,82.298531,83.933174
128.350601,8.103071,144.192780,83.914825
128.481171,73.616806,22.973551,-65.052727
128.426422,141.279388,185.667404,-25.282042
128.828644,63.550304,129.195923,-80.279701
128.813217,108.366661,6.299087,29.377274
128.961884,163.714371,69.412094,-27.998535
129.175888,154.145554,174.911316,28.919685
129.224945,11.995559,157.994980,44.780685
129.457077,124.288795,121.554749,-59.596092
129.749878,14.419634,4.811997,32.087303
129.637863,36.479500,41.126034,-16.108130
129.773788,64.515968,180.656769,79.457977
129.774490,176.588379,57.790474,-8.923674
129.801819,60.743191,93.458794,90.944458
130.059006,184.403549,6.469784,8.410027
130.455185,6.862951,64.607269,-37.547924
130.569183,129.498276,190.158279,-76.007355
130.847946,28.789309,132.201828,-14.291512
130.993423,37.041534,130.029343,20.792280
131.189407,133.040909,185.730774,-34.292831
131.483032,107.041763,99.283234,38.226437
131.583176,132.502472,143.357132,-33.786919
131.971207,186.012497,161.134888,43.328976
132.016205,73.615051,70.176323,33.872608
132.099289,74.690804,182.838165,-44.942657
132.204147,172.270264,163.031174,84.102768
132.681915,53.408714,21.246380,-25.774714
132.664261,76.748886,161.619095,-39.243366
132.658264,82.051498,113.691330,26.209526
132.881943,1.045472,175.567184,52.413715
132.913269,72.563286,47.408745,89.093208
133.311447,65.845131,146.807678,-15.188128
133.834885,15.739161,110.520081,-3.607807
133.897171,168.722656,88.653931,74.025391
134.056839,38.580917,77.258156,72.376846
134.021240,64.453331,156.706680,-58.660114
134.389130,42.486515,91.520599,-90.868385
134.546036,124.942184,153.819778,23.731199
134.547714,137.229675,52.141800,-82.569664
134.511002,146.606827,96.817352,49.752983
134.714401,109.302353,152.314728,-87.282303
134.723373,109.794655,133.183365,-5.953028
135.058273,85.208649,6.748725,-59.172184
135.597214,141.197327,134.160873,3.492231
135.547852,192.086411,46.732162,-76.759369
135.681778,51.170326,143.864136,13.476534
135.626984,199.269791,78.973701,16.483868
135.910034,114.517418,133.879166,-39.229816
136.050507,105.250992,107.186096,-87.813866
136.087555,130.964554,39.334782,51.163239
136.200485,135.141190,158.750595,54.970512
136.436630,50.176800,195.085876,53.037529
136.527328,95.755806,145.216980,-96.408180
137.064774,107.535240,80.756424,49.229202
137.555023,189.525360,117.959854,64.829659
137.685074,181.601334,172.345230,32.032066
138.005661,14.120806,40.823536,-71.103600
138.063889,108.749405,132.285614,39.673134
138.134430,112.797112,154.367096,85.585312
138.273788,49.244362,5.659582,-93.602478
138.584747,173.888748,107.113632,-14.802521
138.686539,64.300781,37.036961,-33.744370
138.625519,159.069611,90.539139,-25.014536
138.840073,39.330433,193.539841,-88.499580
139.176193,3.774663,117.120094,82.089676
139.028793,21.647017,51.627712,-37.937660
139.036240,112.172607,181.000412,-26.384848
139.377014,17.400862,44.581257,-74.550308
139.364700,186.290939,159.230927,98.350388
139.424484,76.729141,54.661976,-30.135323
139.437546,85.034157,49.997574,-57.781513
139.774673,13.572913,62.474255,-52.427654
139.845078,16.750816,106.171799,-49.265194
140.725601,96.420158,59.986637,46.818073
141.771027,127.262665,145.681107,10.080711
141.944885,115.148918,83.001137,41.343002
142.021835,19.163738,91.864685,-62.659447
142.105362,57.138542,111.972801,-31.837135
142.738785,160.182724,70.997177,55.646358
142.738541,174.726990,39.289906,15.077762
142.936752,9.806191,15.894480,76.790550
142.878036,49.681782,188.396072,23.487707
144.150650,37.979156,105.083382,60.362354
144.215637,81.886597,124.049835,-51.533798
144.425934,147.834381,156.699051,-14.481413
144.797760,181.567001,66.678467,91.417702
144.985535,4.187634,61.578766,-36.168106
144.955368,82.026047,33.972122,-17.623116
145.033905,62.218525,186.942383,-45.201080
145.021103,64.329842,165.851730,-31.985537
145.426468,177.746140,68.050873,-7.960567
145.650345,7.657226,103.507362,86.032448
145.788849,142.771378,88.193962,-95.387321
145.978790,25.230202,172.766403,12.586634
145.853241,50.488934,122.388290,50.213558
145.957520,157.726837,194.119781,-56.927982
146.333679,70.424660,22.108103,32.976864
146.250626,131.653564,9.226698,13.884531
147.180298,51.550423,20.403131,-48.259483
147.378082,106.524712,133.742142,75.468002
147.424179,31.181459,57.820789,79.013428
147.448502,168.094284,124.256989,54.783737
147.811951,24.637135,74.128105,-58.724743
148.396515,121.443634,153.988815,54.109241
148.242615,159.062088,139.041626,-9.281343
148.661835,23.964451,14.277143,-71.902763
148.621613,104.385719,124.360588,35.254120
148.638580,192.186218,61.105614,-74.698898
149.054016,68.067970,99.091042,-80.620819
149.203217,143.218384,16.427999,15.171673
149.593109,120.982872,178.479935,-16.244495
149.810501,134.648254,47.848419,-32.341900
150.128586,18.909357,104.700378,-2.170079
150.184433,53.836929,128.767441,-6.513727
150.159439,62.949898,115.742554,-38.975098
150.234238,101.884346,50.761398,39.901665
150.705536,84.277122,31.621937,83.725906
150.943253,83.437538,57.917473,-47.606567
150.917740,136.637131,175.564316,-93.862526
151.288467,62.313816,101.964081,51.637928
151.569595,25.102224,45.665848,83.275627
151.468185,52.038475,94.199112,-54.158825
151.996307,167.812973,69.934715,87.572456
152.011017,84.617424,70.105515,-36.387074
152.340729,79.263382,32.402348,89.079445
152.423721,57.557770,135.323624,42.159077
152.499466,93.348701,87.183846,92.737038
152.695724,68.107460,156.329773,84.455437
152.617996,102.691986,22.481098,-56.217041
152.606613,132.485123,85.275917,44.281727
152.944092,125.470413,7.917424,42.345112
153.017059,29.441902,72.300507,38.072502
153.105484,33.759769,0.817674,10.819294
153.370071,28.712770,137.254517,34.639938
153.344849,46.021908,70.658669,72.062035
153.373322,67.089653,15.533108,75.635002
153.342636,79.326324,25.610020,0.844768
153.322052,115.878311,65.554756,-32.043068
153.337418,123.977448,137.876450,20.566582
153.673706,72.337082,42.982296,30.834759
153.895981,136.595062,68.021049,-29.051916
154.388519,173.336227,102.095505,-46.199516
154.764297,35.915073,80.511208,85.304085
154.763016,160.099335,173.234955,-38.867779
155.015503,80.658318,38.828384,-69.581367
155.599960,5.512032,126.378792,-10.425531
155.710922,18.969963,175.841263,83.220520
155.664749,27.618670,135.023865,-98.055702
156.389984,169.208496,44.433266,74.959770
156.437057,74.045250,73.691322,-36.141441
156.655640,189.007751,156.618546,-43.427654
157.062958,9.358601,190.496918,21.245651
157.161331,113.982117,113.572639,-60.837379
157.567078,18.707548,146.786850,20.379660
157.569992,50.739731,195.776535,29.574203
157.622375,4.361538,92.717026,46.220238
157.756424,53.859638,24.425289,8.726808
157.615204,108.380615,78.615959,-4.749365
157.910477,17.460283,41.239319,42.417526
157.996323,43.210159,120.258026,-97.204063
158.358353,63.024998,71.633003,34.124687
158.876434,126.097755,96.399078,27.300365
158.970215,165.517548,185.582809,72.781342
159.169678,159.466476,52.688610,89.011185
159.266647,166.382629,100.361053,-0.271490
159.564163,52.340191,132.885025,-45.284443
159.966766,137.085922,186.906937,-38.626915
159.806030,198.616516,167.337326,-24.158482
160.030319,153.941544,38.330853,-38.487438
160.303650,123.621933,163.655396,41.734550
160.457382,180.778107,103.710793,-38.192455
160.758560,126.308769,167.177063,-47.661911
161.178680,70.690361,42.770912,12.260924
161.165482,143.783203,44.916481,-14.979325
161.379898,72.040215,40.023628,49.738640
161.380402,137.470261,194.844421,-86.641075
161.281601,168.649063,37.901409,72.823868
161.433075,174.962997,144.760040,-65.824654
161.652740,93.372002,145.221298,-62.088383
161.911545,198.424133,35.763180,53.113754
162.016525,144.963684,61.954681,-71.443077
162.225067,33.403549,77.401398,0.855569
162.570129,197.615570,170.556549,-92.737343
162.655655,121.200195,9.288076,-25.693840
162.761536,125.917358,26.345823,52.652859
162.674255,150.520096,191.966064,47.225361
162.844620,36.274765,100.070229,86.766174
162.832581,75.901253,110.911217,-47.493267
163.153580,16.826481,73.574059,96.063148
163.021286,45.606133,156.189651,-87.732338
163.542618,194.478027,19.819984,3.119880
163.821381,69.873962,180.073837,-39.700951
163.927078,131.271530,96.255913,-66.266693
163.986618,142.282349,64.919601,-61.134407
164.081726,151.436646,52.618481,64.136864
164.476379,13.800253,41.042351,22.627207
164.674225,37.690086,126.950645,-88.752991
164.697250,39.817852,69.667915,9.511137
165.469131,6.243175,13.323639,90.130913
165.815094,129.141495,86.799812,-35.452984
165.846069,149.559052,91.449677,43.110565
166.169312,21.930403,76.661446,23.590796
166.174454,59.863380,65.972565,14.215522
166.180038,79.019783,109.611107,81.568565
166.438080,141.190643,124.412712,93.837631
166.749268,192.181229,147.631790,-68.920364
166.916916,13.899760,114.480301,96.674805
166.900406,16.133451,147.726898,11.633383
167.180954,40.497143,61.063690,46.054688
167.399734,22.086205,36.257305,-85.564888
167.212006,162.071518,156.068588,5.351296
167.270874,193.553940,55.268951,47.582027
167.618378,0.878674,149.877182,-43.490345
167.798737,35.013073,186.826965,-47.137329
167.808624,141.670532,86.196030,-67.669701
168.094528,99.634712,176.567245,-22.462284
168.268448,27.659571,129.350311,44.007412
168.535385,115.278656,8.616200,-29.820713
168.461914,134.676285,16.560038,64.514366
168.467300,165.127396,149.980164,90.123642
168.776886,78.176605,30.554190,65.374657
168.917221,86.024101,26.623636,-54.106651
169.019104,44.263954,72.819641,42.527573
169.270233,20.319382,91.692932,64.191757
169.569839,4.805695,137.841110,-92.966637
169.498169,68.649887,164.715881,51.161846
169.849365,93.754799,37.606972,-27.549252
169.852371,100.468666,8.878337,45.087849
169.832870,170.952713,14.735895,-94.578156
170.163101,49.393131,63.575073,66.131622
170.141556,108.949478,28.353727,69.662323
170.005646,198.986267,7.568886,-21.068878
170.202057,141.232437,75.518387,79.331062
170.572296,11.361588,88.535545,-38.847572
170.429703,178.621201,1.492339,-7.522763
170.502945,198.899017,151.759476,32.404278
170.839844,41.795475,59.080067,28.014795
171.270050,34.806358,155.707367,96.195488
171.332748,68.619644,174.894440,20.684601
171.593781,179.177170,22.199001,2.906727
171.790390,190.777603,172.657150,-30.133175
172.317642,37.674767,166.619934,-59.037544
172.568909,73.182823,157.398422,-29.010031
172.902130,7.772927,141.737503,56.933392
173.665878,118.051003,38.697182,49.837269
173.933716,45.826496,129.492538,-49.840416
174.192932,110.035934,103.630447,-41.262184
175.175323,0.475598,18.422861,-68.145134
175.109299,158.374664,6.939312,-66.886658
175.278046,53.053299,162.809006,-49.334278
175.394089,96.749504,152.701828,-3.655347
175.411499,60.336166,194.288498,58.167381
176.036469,51.388432,29.564604,57.020603
176.246948,71.004112,72.594368,89.406273
176.202530,134.084503,1.935421,76.736053
176.438416,64.593246,64.716492,-14.983597
176.469421,92.207138,133.079330,-72.359177
176.690567,7.455083,24.627710,99.406540
176.689270,105.108513,163.611526,-37.241631
176.650772,129.917175,38.368645,83.029320
176.839600,190.193909,66.663498,-41.407883
177.222488,63.647030,145.793015,-32.763008
177.246094,183.828568,158.729538,-33.136253
177.207153,189.660843,60.577553,17.831383
177.722153,65.524475,17.907341,65.541832
177.844284,36.500622,123.018234,-23.942690
177.938599,72.832924,6.613845,46.960865
178.009720,183.147736,123.200874,36.341400
178.746552,91.575394,130.426407,72.911850
178.829117,113.074074,39.966740,85.793945
179.153214,15.000567,34.611343,-30.806067
179.141129,62.049690,55.677868,-14.475003
179.197144,197.355743,128.358582,-58.247826
179.502533,115.949867,56.946033,34.353611
179.672821,51.345547,57.228344,-89.155739
179.684082,195.506943,170.763733,78.238136
180.112244,186.501480,111.116249,36.921837
180.734421,194.195587,191.124985,-71.866875
181.188034,191.037689,196.262604,-74.627052
181.514694,10.265018,66.254791,74.713074
181.593369,52.822098,44.345287,94.706680
181.569000,92.438087,147.023560,11.671275
181.609787,128.297241,133.645401,20.331776
181.650238,174.609406,43.486816,13.062394
181.688782,197.009995,9.300501,-37.810513
182.188095,95.998009,74.379395,-18.594442
182.157364,108.287872,180.311661,12.228385
182.300674,22.597342,112.802734,-27.722372
182.437225,197.760300,0.187794,-34.109535
182.841080,50.650249,52.655426,-49.551582
182.830200,172.426285,163.532745,51.515575
182.967773,185.506500,35.897961,15.488279
183.589615,45.027576,160.823273,20.607121
183.694107,39.688389,139.899857,9.207247
183.764267,112.909462,167.181244,-0.872667
183.935928,15.955279,77.555573,-50.807579
183.949158,42.785000,68.034775,39.171009
184.016602,108.836060,70.077728,-74.778076
184.461365,184.394424,181.915985,-69.575821
184.623947,107.761696,129.698105,-51.245258
184.688080,173.554123,128.838699,11.127002
185.290573,70.444695,184.469254,-94.440453
185.214752,73.000984,168.944412,-53.822838
185.905579,122.556725,144.551392,18.755245
186.494995,17.689356,196.350235,-70.079651
186.517426,21.346813,107.354073,-86.632889
186.896790,3.769748,80.986214,-23.808954
187.189774,2.645196,99.282867,88.462883
187.163696,36.267712,73.576797,-51.017273
187.652756,93.261696,26.601496,-29.992216
187.811249,155.045700,169.752121,41.249691
188.004028,101.593674,165.970444,91.094620
188.011597,173.026810,46.502460,-83.864487
188.147324,182.059128,14.707021,51.977585
188.518219,56.629532,182.222702,-20.919441
188.414658,79.803215,114.290787,47.548218
188.740540,3.765258,31.614319,60.433830
188.666092,57.578678,42.349434,-42.939117
188.663132,170.263657,152.918396,60.093163
188.917908,50.332882,190.081848,7.859233
189.041916,83.731804,56.666557,52.444908
189.080521,101.685677,39.795410,-81.874107
189.192352,113.415855,52.513500,-7.835002
189.049362,189.672424,150.075058,13.216698
189.384415,122.246124,154.153503,63.548988
189.259491,192.944641,106.770805,-51.137104
189.588623,194.581696,178.470627,63.072735
189.788803,102.448372,112.635384,-69.317383
190.136337,54.926334,185.951309,59.369549
190.261826,196.001694,163.892960,88.411423
190.466537,84.497940,83.733795,-69.050476
190.487976,161.991211,11.346466,11.940501
190.919861,46.950081,76.018967,-99.467842
191.002563,42.226978,172.266098,-74.590073
191.302170,29.648691,57.753349,1.615958
191.456131,78.949425,193.564926,-36.664886
191.791168,66.920593,54.810574,43.023972
191.711136,155.166626,121.797432,38.372463
192.126556,153.959274,6.554088,70.911423
192.306030,189.793411,70.088165,14.462005
192.402786,167.209732,68.835861,-7.024014
193.788834,15.237251,11.540393,77.773148
193.642654,45.410816,140.485214,25.508154
193.888596,13.775884,8.199124,47.881599
193.948685,16.207085,33.966377,27.792231
193.875214,107.373131,165.309158,36.654270
193.885742,139.657410,166.731598,-91.394600
194.397064,92.883171,21.878229,60.758102
194.678238,177.914276,3.119625,-83.131927
194.919907,98.273758,188.077866,-20.956116
195.160736,54.199184,16.641665,-54.190281
195.142761,111.118217,79.638245,-8.230128
195.290390,133.712708,191.186340,79.344925
195.565369,125.315224,28.742104,47.511940
195.868774,85.543884,60.521980,2.784648
195.953629,159.252121,52.990364,58.038471
195.873672,166.751572,71.789604,-89.561775
196.077530,100.599426,12.735521,-22.224403
196.614288,91.945808,142.306641,72.572639
197.312347,128.726562,163.060043,74.180794
197.605972,166.171387,156.993561,66.036613
198.046295,48.136066,42.870758,-13.177090
198.478851,46.333042,77.498039,-72.992615
198.448730,130.387924,126.320824,76.284386
198.853058,8.145553,95.802094,79.380936
198.863388,108.681572,167.579819,69.642334
