0.0,175.67462,175.364,-82.62517
0.4562821,34.592438,75.98628,3.984431
0.6209014,95.43127,61.120327,-80.56197
0.9453518,82.93274,120.27463,-57.168957
1.3106835,53.081856,91.739006,89.46978
1.3595608,177.01617,48.272076,-12.397081
1.316821,183.86507,12.42704,-26.703867
1.544028,70.306274,157.65953,-7.7091484
1.9953686,160.40309,175.38159,31.560469
2.2421832,117.52072,160.94711,-29.940826
2.5194461,0.8566609,189.24774,62.09964
2.566298,33.26159,167.6141,-12.545342
2.4990475,141.53928,127.54657,74.10313
2.719981,183.12674,181.73468,3.9621258
3.028811,35.74875,76.16512,22.697636
3.1526263,97.25661,145.21269,27.96212
3.3406987,21.837437,100.29694,-26.505234
3.635196,135.34584,128.96686,-60.502308
3.961716,23.349888,89.012024,-42.756477
4.0872426,84.16319,116.32085,32.44003
4.60295,140.31412,145.82492,32.430374
4.6083126,146.28421,56.98099,54.780773
5.000134,103.19915,40.898254,-0.36909103
5.3567567,111.57103,139.05096,-55.76333
5.746423,39.57433,82.88392,-91.06856
5.7401476,143.64886,39.042812,90.967636
6.181516,153.25742,68.39784,4.8712263
6.346623,148.47438,161.37193,76.81225
6.378032,187.1478,64.73879,-24.285452
6.58659,34.3176,1.5666022,-59.43992
7.061694,71.61186,150.041,-43.843307
7.061807,104.69687,15.01497,90.211716
7.189247,110.74468,180.91588,45.42215
7.3335814,22.290014,19.383423,82.82166
7.4577646,111.86233,76.20364,30.80534
7.7028065,4.9137964,16.068766,-67.06656
7.697488,18.552603,83.76947,2.4220135
7.7557907,21.046782,35.28047,48.421684
7.6616006,114.922676,146.8634,7.702122
7.799404,123.55725,172.90897,78.991325
7.8562922,179.05942,39.358658,10.460697
8.028902,53.97759,8.477778,43.90298
8.326057,167.36201,6.3982687,-83.96158
8.464802,20.10887,138.44948,79.915474
8.762089,69.44307,107.25794,80.35152
8.684997,176.07887,136.93736,95.535355
8.980297,77.731865,195.91852,57.647854
9.025867,17.403423,161.94513,25.357647
9.044136,199.08328,65.73779,-99.217964
9.396733,178.66296,20.97856,14.500298
9.56603,159.45947,125.85427,61.67265
9.619175,6.521874,19.836088,-91.58451
9.672087,77.38497,49.331753,92.0127
9.767181,127.324135,109.266495,-71.40961
10.133292,5.9297233,186.28918,-91.58114
10.737951,9.192243,163.52512,60.485905
10.606158,17.616337,138.2684,-20.977917
10.988612,32.364895,180.3128,25.602463
10.839819,46.376,11.49539,41.253487
10.809881,47.498383,188.67566,18.093832
10.891185,111.34458,112.00981,2.9922173
11.061316,196.50749,33.108574,-0.90625346
11.331708,1.7237166,2.4598975,-90.05822
11.826859,193.69232,137.34613,-77.179
12.084544,78.73118,191.55658,-45.35876
12.4483595,197.86725,39.831944,-90.455956
12.932736,181.15562,155.73497,-48.318996
13.138133,129.87758,72.08003,77.20821
13.316668,197.36241,119.72811,12.299873
13.461501,179.34001,111.065674,-77.351814
13.736431,52.351204,70.61473,82.71049
13.7627125,150.73022,75.57095,-72.00825
14.023994,24.290102,146.84799,-26.61197
14.091411,96.03179,123.25975,-94.6817
14.315103,37.314854,128.62738,25.6955
14.24365,41.699276,80.35298,42.38702
14.243237,59.50804,7.319387,-67.41667
14.374047,197.79759,31.478786,88.691185
14.553489,172.42397,92.459404,-5.934342
14.46387,191.58426,188.12196,-68.79595
14.712137,102.80397,41.90543,-10.828397
14.8734865,58.287697,24.572687,51.842068
15.047248,62.21441,33.80001,-57.164204
15.033375,65.35584,167.32707,98.03227
15.051102,179.18454,64.64613,11.965817
15.347415,14.821902,113.16446,-23.160637
15.233571,149.02008,164.7451,42.606102
15.537048,5.2886643,81.49016,-86.3726
15.701911,42.21093,79.45406,26.233006
16.330278,5.6469994,196.66772,82.08883
16.966763,62.34085,1.8233317,-2.201574
16.87078,125.818726,163.9538,21.965311
17.247349,109.74148,137.24416,85.42816
17.210188,184.54178,70.79217,23.03783
17.52504,10.774042,34.35494,-4.6582
17.499207,31.730244,65.32196,90.494354
17.593319,143.73059,14.772838,-92.72426
17.795588,111.9113,99.25614,-51.843246
18.161427,101.92864,102.35341,-52.31919
18.765594,3.825102,67.08082,-77.80612
18.987637,44.328392,15.435926,-49.10591
19.34292,135.11163,195.77377,-27.769194
19.719751,133.62732,153.31726,90.520226
20.33616,31.764746,127.36804,-75.91335
20.487803,140.11781,116.7411,-55.70597
20.601788,69.65699,139.98718,-69.01924
20.914797,19.179468,50.952568,83.229965
20.99489,175.4514,72.043015,27.248611
20.869917,189.27637,113.62107,-36.507164
21.702253,137.58817,177.42058,3.2340412
21.89282,14.512198,5.3441243,78.68534
22.269053,167.99512,82.16641,54.175907
22.546371,83.70666,170.82066,-53.325146
22.554527,116.18872,51.12165,65.697586
22.737682,1.5079279,6.5149283,-29.187864
22.699512,84.59264,46.87851,88.0207
23.093185,70.73145,18.873339,-28.731592
23.219553,52.820877,61.70998,45.25118
23.331612,61.571915,148.43082,-89.35029
23.221567,65.619316,71.19701,-49.397892
23.389433,178.6288,131.32083,-51.045616
23.431673,192.90475,89.107574,-66.60347
24.023634,154.87062,49.052315,67.89327
24.534115,30.821299,12.033494,-55.159176
24.529491,66.300766,106.27947,-67.930885
24.760597,136.04254,198.23184,-67.96912
24.756317,180.13727,82.72384,91.18756
24.999765,130.51817,32.8643,-39.886566
25.102667,93.502945,109.36038,-57.948566
25.125532,165.03793,142.50546,80.45831
25.273218,20.64683,99.65725,94.880325
25.315767,140.12598,70.22738,0.32457143
25.241735,183.84517,51.464947,-55.177216
25.463696,69.47692,171.20328,44.908848
25.490385,151.92393,142.38998,97.45679
25.960659,108.16247,125.02165,-93.09905
25.838541,112.87352,163.47307,-96.8073
26.120728,70.687874,155.01797,60.93631
26.38645,15.959407,17.617893,-13.040756
26.249067,152.88431,36.181217,69.88972
26.595972,66.34926,4.2839365,-43.231735
26.550165,124.96871,141.8587,-44.39361
26.935741,193.3996,134.43803,-55.659374
27.282661,93.98495,112.45258,30.266884
27.35677,129.78728,147.64798,5.290728
27.49633,79.92568,143.38904,-23.239378
27.61932,53.497684,22.048254,-55.158806
27.735388,54.922966,139.96843,-60.5994
27.85843,18.12184,152.47418,11.305971
28.133,42.661068,163.2612,-19.19344
28.243908,12.331502,39.102707,56.07583
28.299484,141.37216,136.43153,34.376816
28.74384,197.16042,160.1663,52.821682
28.891174,75.15379,185.76448,-79.47645
28.988956,114.3643,128.43803,-57.824303
29.450249,57.98965,94.101105,-85.68304
29.553963,144.31055,160.47151,-87.68294
29.675226,131.95625,17.941664,-69.005424
29.849514,39.133274,122.47343,-24.148403
30.013332,174.148,129.14006,8.785759
30.474115,126.40798,125.83037,86.70831
30.651312,165.33208,81.007256,-42.66307
31.054329,46.425945,43.293354,-89.33792
31.134998,71.20519,95.165924,-63.10277
31.005453,125.75639,164.96655,-9.480102
31.303595,115.67845,22.52113,-92.88761
31.241934,183.68752,24.471933,15.376183
31.764214,33.528473,149.48512,-20.674803
31.917284,59.26408,11.070646,-48.932175
32.001415,177.58615,190.8513,89.7518
32.29846,160.36899,50.014828,-8.144565
32.65784,110.25266,179.03128,38.499138
32.860104,39.055965,1.4115661,38.144352
32.843307,53.402267,66.61711,-64.84495
33.307743,66.70452,196.10535,84.315384
33.24331,190.71304,190.41321,-63.39245
33.488304,6.648885,199.23381,-5.128257
33.61979,85.71604,54.63743,75.37344
34.18045,64.45906,35.056465,21.898336
34.03532,132.91415,11.282639,79.50423
34.076046,175.73238,29.602648,-33.904285
34.294407,13.854496,130.08661,61.533146
34.29979,39.481354,134.01978,78.42892
34.65425,44.828033,145.52158,50.33615
35.167027,121.61375,21.057724,82.75073
35.229023,199.27995,48.19178,-51.154747
35.68731,170.18608,70.71742,-76.00235
35.885998,59.25453,88.26445,-13.962096
36.256195,39.255375,41.46715,-44.760086
36.339436,42.02455,123.509674,-72.65444
36.545532,14.100487,61.57773,75.30067
36.557392,174.20529,80.03044,32.798164
36.651947,11.258565,169.40857,37.677296
37.176556,139.8097,68.26044,-10.809148
37.276752,79.4899,152.26544,39.22951
37.54729,173.6526,42.602947,-29.89688
37.72442,0.27202,26.890985,99.64143
37.631832,31.333773,25.998938,-11.59804
37.857895,68.31875,24.865206,-79.95059
37.849667,95.24362,197.3319,50.682823
38.276516,12.594862,109.58178,-67.949524
38.241795,188.63074,172.82549,-25.621101
38.509243,66.38188,125.73346,64.03962
38.533207,169.0477,174.97801,7.3817654
38.71031,19.916256,0.75783896,-37.740448
38.971237,153.46588,178.8941,24.070255
39.153126,188.85068,50.91395,-3.1398227
39.26932,91.181526,179.01147,-12.243987
39.587124,18.673923,39.22945,-78.21515
39.496246,93.41039,107.86455,-79.660675
39.58035,119.55962,108.03782,-8.756404
39.725605,118.54279,60.55846,52.8104
39.97031,110.34446,105.77484,93.47153
40.118996,82.73364,112.95943,-60.343483
40.060055,110.75419,132.16515,77.65927
40.30915,48.11771,145.09416,9.229599
40.244545,48.526432,196.05989,22.18396
40.640774,49.988426,29.924316,52.6335
41.19125,3.6290805,101.684204,93.90483
41.127216,163.93433,179.27585,54.438656
41.181755,189.12384,103.90836,1.8650206
41.211514,80.647964,195.93846,66.028725
42.33614,62.070927,173.38928,65.423706
42.754158,87.6869,82.47766,-83.947685
42.818317,134.75922,173.48785,79.222984
43.09113,18.398375,79.84728,-46.79225
43.065857,149.9611,177.2344,-54.719604
43.785664,82.23766,38.084106,10.347151
44.00582,41.81031,75.125755,-58.12262
44.260483,194.10321,183.08649,60.03337
44.52423,50.647285,197.8345,-20.502625
44.62671,145.6107,136.04498,-34.523495
44.662746,177.80037,177.78928,94.19865
44.980846,31.186977,50.093456,-17.628326
44.863083,35.184113,73.841125,85.060005
44.902565,184.85336,4.949801,-40.55455
45.00145,67.32791,152.48425,66.630295
45.14605,136.54764,194.69855,-38.93262
45.447666,84.20679,152.87126,1.9426666
45.635246,15.856486,70.401115,44.510334
45.650116,38.78708,113.51088,-44.775497
45.966476,48.784214,65.46873,27.622911
46.02915,79.161545,107.42286,53.54833
46.382404,162.06544,116.75836,-19.901896
46.435047,128.83153,107.42511,-68.40302
46.59162,166.32959,60.93821,-32.672855
46.61661,62.557846,13.890817,-17.303522
46.659115,174.45845,193.42085,-72.67239
47.376648,50.112778,80.62468,62.957798
47.495445,5.6762633,56.34441,52.921883
47.42376,92.95049,75.78476,43.163605
47.78774,155.3698,127.80464,-32.396046
47.988224,20.499886,114.51407,-76.8189
48.04997,161.68579,97.36853,27.970346
48.441296,56.40108,168.04697,68.02261
48.691994,19.727446,10.7531,-65.56803
49.36446,117.4373,162.50136,-39.09463
49.52106,92.124016,60.86185,-26.095177
49.768948,26.323433,170.72263,-57.304317
50.163033,44.655537,93.967186,90.1333
50.09367,110.58762,85.44098,-23.55466
50.03249,179.70717,150.59174,87.48466
50.70816,198.09822,137.15884,99.863686
51.24555,25.987122,182.61288,75.44335
51.315304,46.152283,11.506478,-38.57666
51.457714,27.485579,39.857357,87.50191
51.563103,120.11328,40.437126,-72.387276
52.5575,0.34988016,0.16624185,-82.17073
52.44298,184.36446,13.514209,-83.004135
52.66582,24.449223,114.93782,-51.95459
52.754204,162.22818,177.48045,-61.157055
52.978153,28.764519,25.030222,-9.016587
52.93458,81.58648,173.29045,-16.044239
53.0447,145.65643,12.862362,-88.966736
53.94101,185.9627,108.19041,-49.860493
54.02481,165.17606,9.862536,57.125237
54.355137,46.8243,76.28471,62.19156
54.354355,65.19048,25.94399,62.333023
54.455753,169.43028,29.959127,17.610073
54.735313,136.5526,24.57966,6.2395105
55.061943,124.32879,51.26114,63.345352
55.365208,143.67737,99.83058,25.244984
55.574028,90.60649,187.2726,85.47161
55.785324,186.07863,107.13002,30.296236
55.91081,130.98572,157.98651,-60.159374
56.084408,22.982744,108.097755,-55.461536
56.434475,166.1317,18.81584,88.528984
56.490402,170.08917,138.20741,-9.745555
56.56523,175.00885,12.001868,-83.121414
56.73195,76.735695,187.71199,-1.1637113
56.78874,117.87979,56.16739,-48.943127
57.195946,198.08423,99.44725,60.21956
57.36858,18.633398,53.318832,8.512078
57.236385,70.76667,6.66026,43.22395
57.203094,101.2896,79.90623,82.10631
57.42883,83.45015,135.28967,-61.89664
57.59066,118.879524,133.6428,71.432175
57.69933,15.90362,176.01147,-11.798435
57.845592,8.886907,11.169606,-61.04434
57.815372,158.20413,146.94232,82.80991
57.805702,182.18753,165.78986,9.34431
58.02791,177.18088,20.803087,21.71933
58.503338,41.23341,182.22502,-10.325366
58.578365,185.30566,173.06447,-90.466156
58.964485,77.30392,12.806457,49.843563
58.95207,94.1821,114.52984,-5.8362823
58.91448,168.57964,1.8465863,-18.331018
59.469097,55.24708,62.135258,-54.70529
59.551346,128.25545,79.732956,75.22359
59.556885,166.43172,12.378156,-86.81929
59.720524,99.57926,17.573076,89.15853
59.657516,198.21564,180.97897,13.004219
60.12897,48.2627,67.62753,8.991117
60.174866,72.307335,176.9052,-78.23001
60.368877,157.38432,176.24452,-92.34453
60.456436,112.60217,128.96434,23.929811
60.76689,58.720036,28.837183,66.303955
60.763542,79.46908,196.02264,32.485085
61.20472,94.553055,132.47978,-90.34339
61.434647,180.68779,135.8706,-91.69315
61.706688,172.88176,157.0805,-81.81503
61.942192,24.24579,29.64795,49.353477
62.168125,101.17819,95.12904,-70.24093
62.492985,7.1259875,173.69391,36.766808
62.42147,14.019956,53.5361,48.58225
62.577877,39.127712,172.99484,-48.594116
62.449734,92.12069,189.45268,62.55421
62.674843,85.43119,112.42179,-94.21471
62.747784,168.93886,163.54225,75.65535
62.85833,33.338478,69.204575,-16.898317
62.856342,116.37518,6.731933,-95.45288
63.16837,150.6102,116.46029,12.327826
63.217236,121.81861,48.32932,63.52145
63.51915,55.42385,156.50099,71.52279
63.695255,124.76426,154.33891,-85.58482
63.651848,128.95949,39.90589,-69.520424
63.785,138.35931,62.09558,-34.83488
63.916214,25.118221,85.23675,-18.885002
63.858063,177.17549,132.15308,-45.6086
64.1273,51.902344,119.61092,75.30745
64.66894,138.10287,61.854042,60.502373
64.75529,174.92758,178.32544,-34.22516
64.85866,25.425312,27.218307,16.592482
65.05213,182.55191,34.812634,-59.422436
65.418465,76.62833,165.1756,-62.059135
65.48013,89.884865,38.628613,47.727474
65.58803,149.933,116.62925,-64.79443
65.897385,31.285095,18.469612,-73.03518
66.133934,16.060144,131.22388,48.382153
66.01101,109.14835,17.691803,27.360209
66.399475,152.77005,187.60004,82.54115
66.47078,67.083595,78.35152,-40.981827
66.61237,46.341873,139.12325,-81.88202
66.95254,38.32203,71.0213,50.09944
66.98294,71.25384,19.93536,-65.54453
66.8884,143.08109,39.5563,-75.19053
66.95638,178.8708,176.44955,-35.20165
67.43221,42.18688,120.29852,21.120852
67.59218,108.07274,124.59509,86.17548
67.62725,26.30688,111.94791,95.221825
67.79536,120.06207,114.12541,36.495995
67.95939,75.208244,9.0690365,-26.40592
68.19233,59.080963,111.205,77.031815
68.28424,115.37735,155.23732,-50.043736
68.501526,56.615993,65.642006,62.402355
68.49562,162.28094,134.74986,97.89303
68.766304,83.566734,62.46972,91.324646
68.82521,90.24388,167.25781,-43.395428
69.32404,76.61546,199.15178,31.493843
69.27097,157.2561,152.32663,-63.33311
69.554436,39.89205,125.49146,29.056154
69.692116,18.032625,13.272725,67.23084
70.18306,34.923862,66.05692,-91.95543
70.05365,85.05595,180.56935,46.11839
70.29833,7.292709,2.5313244,83.681015
70.495544,0.0,174.04156,37.430687
70.417145,30.849024,123.913574,56.042442
70.71514,148.6882,140.39638,27.757141
71.117386,79.66329,11.365541,76.58536
71.59869,13.688047,76.4595,-65.07051
71.69107,152.10898,196.324,-99.11461
71.89957,103.00352,147.38803,-37.43469
72.071075,164.37842,10.043213,-40.813927
72.27412,11.132482,113.06452,-72.136185
72.76551,73.79955,1.9142116,-45.324722
72.88942,185.74352,106.12102,64.43737
73.141235,34.615524,144.3262,46.738964
73.18186,49.036823,163.27963,-37.67789
73.14633,76.801674,94.87643,91.33561
73.24747,34.14121,129.24898,-37.42383
73.307175,124.68687,177.73315,-10.204401
73.63128,81.93699,53.787724,21.968317
73.776306,169.81136,106.348366,-99.92855
73.962326,37.01178,45.429214,-14.528654
74.05486,52.696926,10.004191,70.59406
74.21166,4.921778,76.56259,18.774933
74.37958,54.3835,46.0731,-84.15666
74.433044,93.07521,100.034966,15.84394
74.79786,192.8848,66.40399,-34.45424
75.29971,59.52225,86.32909,-31.010427
75.40124,37.98563,195.20009,-98.90126
75.59128,92.38602,27.341394,-82.64058
75.551476,159.31949,170.07239,33.918285
75.47843,190.79276,134.51733,4.4844584
75.723175,9.33216,136.01295,-6.396459
75.639,121.07697,12.748444,76.13073
75.88857,64.923256,122.23486,30.85366
76.12745,49.01729,129.4492,55.215633
76.12033,67.00477,37.877857,-51.8494
76.15466,75.47812,101.83629,89.76495
76.01482,108.05895,135.04156,-75.75664
76.30627,55.665474,169.21254,-22.132603
76.555374,79.94383,92.07376,-47.994083
76.586784,118.149666,119.21513,59.027306
76.63147,195.75308,126.93717,-47.54333
76.82604,60.546967,41.731133,32.59082
76.811676,106.539925,157.23448,-68.870316
77.0888,129.34213,47.71483,41.662437
77.442085,38.839275,162.72,-45.397697
77.821846,15.16369,190.2478,7.1784663
77.96859,116.540955,93.78361,48.962868
78.073135,48.182537,82.58453,-69.35601
78.230446,10.195879,3.109592,-52.497704
78.3978,62.59893,161.02087,-55.841904
78.40014,34.2644,119.923965,-85.9013
79.73959,39.073517,95.23374,-99.600334
80.038055,67.50024,57.06803,73.43132
80.10083,183.06934,148.75159,8.359901
80.28318,86.27236,133.96307,-14.425617
80.35506,103.17602,125.741035,48.89471
80.71446,96.05485,119.158394,93.06656
80.888885,189.35701,16.21618,-52.772327
81.95173,70.27824,187.26825,-87.34668
82.67773,174.96754,38.269012,99.34502
83.51163,10.461849,73.01021,-52.696007
83.58162,88.19814,49.33729,65.50607
83.778534,16.414001,110.21924,-66.69409
83.79337,109.75449,35.472794,-1.7756732
83.61184,168.50467,67.641495,90.995575
83.92666,144.91039,190.2576,-37.327908
84.00093,191.63286,120.289215,29.659002
84.61658,76.60878,7.336741,46.41714
84.90047,126.14296,176.76852,-47.2707
85.092186,134.02716,150.4197,67.70241
85.24065,120.43275,48.513187,16.801825
85.51919,29.515818,25.58901,46.589787
85.94179,71.07389,121.388084,27.80607
85.84129,185.8034,153.88522,-93.46435
86.02147,96.819725,144.851,-8.5203285
86.32411,115.31962,182.85379,-29.659286
86.93136,113.97673,51.641003,-27.123055
87.37534,97.24944,115.68272,-39.46399
87.52774,130.08282,38.189087,-42.337807
87.67884,105.03861,162.90378,1.5836159
88.24051,1.3246584,74.114586,-37.32715
88.21556,175.70613,163.48665,-85.4555
88.456726,145.78224,130.17393,-16.666191
88.732864,100.21973,26.184431,-3.1561213
88.95852,33.284527,111.51296,98.05949
89.374374,7.3733516,112.62174,-94.1153
89.51833,49.868355,11.504271,12.403849
89.52019,72.44864,90.69355,-79.04284
89.55753,196.66899,52.395515,89.12925
90.464874,188.88564,56.02509,-39.771736
90.716255,143.63582,19.156544,45.518482
91.08748,28.751156,112.769,49.034996
91.0448,153.65324,83.26132,29.733492
91.140144,192.09346,148.86716,-84.87073
91.24515,42.701084,139.55942,6.164397
91.56512,60.751495,191.42102,-20.32246
91.53739,166.20338,108.66034,-28.23935
92.54404,119.472244,98.323616,-87.07887
92.78106,163.42949,130.73024,-15.994943
92.98846,70.04097,50.195282,-24.56904
93.341095,27.653019,5.7130036,67.70635
93.84059,32.474148,167.61023,2.661843
93.85959,155.12079,58.352726,67.345215
94.0721,80.09407,50.18385,-32.32272
94.26176,70.17789,194.99025,92.0636
94.383606,103.80894,44.443718,48.057495
94.25698,153.72258,71.626274,61.629776
94.59765,75.74898,119.65309,-44.72096
95.30821,107.3684,29.9701,-24.463398
95.55598,167.92886,152.53958,-49.429638
95.821976,190.38889,83.71702,-2.122817
96.24778,63.389114,179.74782,31.183098
96.39246,118.22042,68.49074,-46.23895
96.45958,152.37173,114.25264,-46.538006
96.67773,61.391556,152.4735,25.841787
96.87094,86.59142,152.63884,-43.822586
96.805275,163.41049,28.414082,78.94554
97.09833,120.82741,132.68765,16.544018
97.07517,191.16386,63.95557,13.441155
97.38176,53.868557,185.91624,85.35158
98.241196,42.039326,197.5158,-15.199639
98.525444,90.70321,166.87567,-24.329338
98.95964,35.518063,142.20694,45.732796
99.13888,87.60577,187.09969,23.9704
99.02611,98.01675,90.05071,59.729195
99.240166,58.548424,132.56747,-28.6327
99.75882,107.27856,138.6093,23.688776
99.60485,155.57878,18.203884,69.424324
99.74638,167.41972,123.2447,-97.86147
99.8436,47.63155,32.33543,-17.272816
99.84797,172.31462,132.38223,-7.555551
100.17623,139.44202,65.65177,50.33155
100.50152,38.17006,11.084151,75.29087
100.73838,12.788198,105.29228,-79.01255
101.122284,148.23938,195.17249,92.34576
101.18736,178.44728,139.31442,16.547112
101.8252,141.61382,47.485737,-44.564697
101.89199,176.94722,40.53673,12.08913
102.318695,95.79015,14.671776,-28.016485
103.07354,147.80492,162.02594,33.357136
103.23068,91.28258,129.33652,92.62796
103.74133,159.28215,185.13045,-69.96379
104.11795,56.993168,186.7969,29.89883
104.373505,122.87392,175.86145,-96.6685
104.44039,184.221,134.8559,24.367577
104.68767,23.472656,5.474371,38.647766
104.78229,128.14574,58.94333,31.38749
104.70886,181.01208,185.32123,46.512314
105.932396,31.868975,165.89607,55.01437
106.31128,108.15587,25.30477,-57.03491
106.377716,124.43707,85.0435,-41.591305
106.218605,160.51263,45.797825,44.695812
106.7568,87.237335,90.45618,-72.4446
106.657745,142.2398,120.51153,-12.324506
106.851746,176.58226,98.169624,-89.92344
107.539635,29.915567,50.340405,-90.998634
107.507805,30.811932,65.796616,8.625614
107.43327,72.629974,97.06925,98.296875
107.45493,129.13744,197.43883,-77.77351
107.68734,158.12213,38.504883,-2.7802281
107.88116,12.839849,63.60422,95.41785
107.92722,137.6368,8.370508,3.9048035
108.06575,161.75473,88.01365,75.28169
108.32428,107.59622,33.249786,-25.709078
108.618126,69.387245,2.8369248,28.44517
108.70434,117.23789,2.2779527,-68.741646
109.74914,44.982826,61.625374,-79.986374
109.96097,30.147734,28.668646,4.9092197
109.98642,88.62857,136.88478,47.283516
110.20536,85.13574,125.14489,60.013756
110.856384,147.84009,18.918383,-48.16868
110.98521,181.52177,114.05218,57.745804
111.30523,128.1308,175.40211,1.6118633
111.592735,122.39926,181.03938,58.160755
111.495636,140.22902,182.9701,-12.556218
111.67484,83.37282,18.29729,-87.199776
111.98757,97.85278,32.77703,62.931763
112.06536,119.12531,154.71469,-1.2479917
112.573296,158.20047,142.6785,-63.354412
112.60165,56.73934,63.116158,77.210915
112.71776,94.397194,152.87111,-54.64455
112.99739,159.37544,112.46323,-93.44604
113.08101,72.162224,97.07618,-27.430292
113.33111,185.96004,124.85576,-47.095337
113.542305,78.65374,198.02132,-11.393905
113.88956,150.69641,81.005775,80.86838
114.15254,100.33233,31.439478,-53.913013
114.06236,114.03563,126.51931,-94.12355
114.02368,144.59415,85.87907,-75.61311
114.49025,91.05346,38.122513,64.225204
114.70507,37.213596,45.263634,-12.34854
114.755104,102.821396,143.12086,19.961565
114.62229,157.6599,43.532597,-67.51594
114.661255,171.38841,97.97118,-82.856346
115.024025,37.389053,63.227547,-27.82112
115.60967,195.52367,172.12761,93.85792
116.17583,92.76777,112.1998,32.553425
116.12965,137.47836,93.48537,84.138824
116.51052,194.09799,131.57231,-11.731028
117.15773,89.313065,74.88908,-37.72499
117.39342,17.86129,186.9202,90.381516
117.761,23.702436,13.897483,-83.43588
117.750916,93.82905,114.67285,64.99711
117.75587,102.39848,58.888462,44.80955
117.80272,5.8013926,32.841457,84.68918
117.900536,142.49419,85.35302,-4.2546616
118.32469,49.030087,30.953829,-75.123116
118.712105,45.37318,5.7644386,-87.94747
118.66449,143.4811,126.53636,-10.738133
118.9601,70.292625,181.66696,6.9243855
118.88927,148.63918,31.898163,-50.105972
119.06056,134.38847,67.305214,62.523685
119.505585,51.0814,46.376724,-24.989967
119.73573,149.6159,5.7196727,30.618845
119.83308,64.23757,148.59523,-48.701775
119.81366,141.59056,82.4958,17.416447
120.2166,102.40005,48.063927,-93.59514
120.47087,193.7952,78.99653,-12.247774
120.69124,50.215836,54.10917,9.037089
121.026535,4.60881,22.27526,15.152846
121.15919,9.674781,169.56844,-70.548996
121.27003,15.295524,65.61722,76.80987
121.31196,97.953804,121.343185,81.18969
122.08933,171.74648,6.2047434,88.91686
122.281364,21.48132,9.449392,-31.088926
122.378555,94.95818,18.85404,10.606286
122.48383,38.639362,43.13631,92.40877
122.414314,79.93655,107.7106,-92.57935
122.57982,113.86719,33.288456,-37.899044
123.0854,9.85386,136.23817,49.197857
123.11172,34.203217,186.45782,82.16803
124.19364,22.865528,127.75422,24.879374
124.495,91.522285,77.08969,3.8621485
124.5027,183.94368,52.907986,78.53245
124.684906,123.382706,88.40559,42.92129
124.81469,105.03532,194.33086,-49.648346
125.37553,140.47519,110.776794,92.06284
125.45518,42.155518,138.01715,55.287865
125.4752,42.805794,52.939533,-54.597897
125.4241,185.6707,161.59537,75.75661
125.677605,16.877878,89.223694,95.3704
125.74602,102.428444,63.07452,89.25056
125.93141,10.372368,21.13304,88.923
125.93581,60.35326,64.03964,51.21089
125.80844,195.84756,6.5120234,-95.268555
126.0558,68.23965,74.03105,38.690628
126.38525,130.18784,8.74435,-82.16362
126.58993,96.190384,147.4707,77.55216
126.567764,121.233765,184.19391,86.83437
126.82433,14.424463,141.14024,86.439545
126.98013,16.780228,55.313286,-62.630013
126.90566,128.65729,30.399721,-48.053596
126.84549,157.90173,169.21524,84.00507
127.115364,117.82623,48.141403,-57.691235
127.34132,121.38833,79.010735,52.95434
127.4806,27.737429,77.831055,70.84434
127.558586,33.29685,129.48555,-86.50843
127.466354,61.704067,179.58301,-76.561104
127.477745,152.32977,162.9003,-11.425013
127.85383,8.763459,137.87218,-11.137613
127.91418,142.45978,50.033367,60.08529
128.1863,33.791645,44.590122,-45.34745
128.36818,61.890358,49.77946,-64.08507
128.25844,142.1205,138.77759,85.79578
128.6803,114.468475,47.540733,-9.913731
128.98486,168.48018,19.757849,41.02784
129.37904,160.78395,148.98648,27.157352
129.43756,107.994415,138.56912,-44.807384
129.60948,13.612545,138.1034,-86.365585
129.82964,112.117455,115.19863,74.64137
130.15742,198.27917,56.00835,30.405304
130.34587,136.52489,190.63585,54.309586
130.5001,26.499094,167.86133,54.588974
130.95499,7.40267,37.00949,-23.61121
131.17854,3.461809,70.129036,-81.39599
131.1965,51.984154,58.283443,26.902697
131.17928,140.69669,195.76682,-0.9066736
131.36292,172.64145,180.84636,-90.39243
131.5875,110.47688,163.08951,61.27627
131.77505,7.3190045,51.455673,65.99153
131.9749,113.88127,104.27234,28.994677
131.95901,153.10414,95.28241,-51.076675
132.06187,143.23523,85.565,-24.67912
132.16196,178.72046,74.946266,-19.65238
132.31017,50.621353,10.047529,-69.38346
132.31648,157.31804,69.669304,95.67941
132.45688,143.03954,126.224655,88.515274
133.00795,141.71558,40.976513,32.365303
133.37636,106.44336,42.033615,-46.803154
133.5762,29.534275,147.61409,-46.954964
133.7,97.948044,58.48652,71.56145
133.62567,167.01413,134.99835,-9.579651
133.7743,181.62416,2.640605,-18.647793
133.88403,187.89316,94.99876,-60.467117
134.01787,42.8592,110.656166,51.570423
134.29758,30.765808,142.7832,-79.34984
134.29982,149.2578,70.22458,68.60953
134.43648,70.71462,190.03232,68.39035
134.64244,72.13444,73.522606,79.742775
134.97664,49.40644,129.23473,-2.6817362
135.08316,139.62776,133.7751,51.363132
135.01149,145.90504,171.13191,-44.26752
135.33603,16.170671,106.93998,7.296576
135.30869,64.89134,18.56212,-22.871338
135.33917,186.0083,45.04984,-72.627464
135.71298,123.75239,64.8136,-14.122246
135.81792,197.16794,146.5909,-4.806736
136.272,176.99324,140.12543,-76.407875
136.42807,189.98157,152.19147,-76.90542
136.72754,45.832485,172.18555,54.528584
137.97395,155.99983,25.720675,-73.149254
138.2697,10.44018,2.4021013,35.734325
138.36879,195.84685,134.40721,-91.646454
138.41422,112.61162,164.23114,-12.721577
138.6086,126.74322,188.09904,23.840328
139.16954,63.51938,5.363862,27.97486
139.08072,126.17865,67.928024,-57.00801
139.79326,63.054565,3.9921,26.434917
139.97461,190.18454,118.3379,-80.47315
140.24594,52.70101,166.2664,-44.436855
140.56427,154.80612,122.18305,-34.809223
140.63269,36.406353,42.888115,51.433334
140.8468,64.04626,98.92802,12.0570755
141.50139,60.02157,130.73572,-85.017784
141.76637,29.017805,66.246895,97.07132
141.85579,62.956543,41.19588,16.503538
142.1985,41.82447,157.48964,-87.47159
142.31372,156.483,73.76054,51.810234
142.54773,47.498764,135.6914,87.54512
142.51451,93.49873,114.49705,-5.841346
142.53384,194.95494,154.34853,-81.105576
142.75157,60.5184,125.217705,-52.244675
142.994,21.641848,60.004486,42.519028
142.97961,62.7741,90.299355,-70.960304
142.93408,67.98456,155.08298,88.0242
143.13478,30.103224,26.979132,78.96564
143.52617,183.11836,164.28581,13.712697
143.7596,40.138485,155.33966,-35.64703
143.61131,71.42677,151.84306,-17.995186
144.15889,108.51764,184.98907,83.79173
144.38153,30.61731,128.42004,53.082718
144.52386,119.13466,69.78571,32.25054
144.7034,198.89812,64.34682,14.859702
144.9719,144.4176,10.68847,-94.917595
145.09428,1.4927994,146.08499,43.046455
145.15132,173.8652,183.79306,-98.32206
145.298,153.95491,27.03134,-52.667843
145.78702,28.46929,88.88159,-92.45826
146.09492,105.44405,44.486504,37.773487
146.13428,173.20744,16.125696,80.03254
146.49524,117.336006,136.42213,-63.648052
146.57573,119.47692,39.33308,-34.197662
146.88884,8.162026,43.46216,-43.335857
146.92805,8.217352,55.568855,78.61833
147.33336,107.70612,90.87229,36.758583
147.41475,71.52993,170.5979,-39.26721
147.44847,121.45554,194.95364,-34.323296
147.75732,102.43216,37.78194,1.0794531
147.97722,171.07828,88.94427,-29.520449
148.07521,10.530212,37.199783,-94.22391
148.13307,179.70146,163.09943,1.4782454
148.52203,177.39128,136.39258,-42.98753
148.67856,70.31245,128.46114,86.93064
148.7164,159.0437,28.35223,-68.61347
149.05547,10.433181,30.682367,54.87387
149.03458,129.8884,32.610687,66.81161
149.17664,131.26772,47.17895,-4.9445157
149.2912,196.24039,129.11409,-71.782585
149.41418,78.48755,138.60896,73.653595
149.88634,116.82373,196.34824,9.247291
149.89003,157.37158,30.492754,15.935517
150.25407,125.64559,135.7953,-75.775764
150.30035,172.38063,54.84579,51.04983
150.45265,72.653366,50.684177,21.424952
150.50423,109.46895,76.15048,75.26715
151.03088,125.74284,8.392355,-33.205143
151.39136,161.65826,164.88918,-3.1423204
151.4485,80.62761,177.7798,68.74372
151.4384,147.30382,127.11718,-96.029785
151.56163,165.19255,153.91023,-69.55548
151.77489,18.694563,158.31963,7.3533654
151.69576,116.97063,164.5135,59.899597
151.99852,14.094499,143.59702,-14.645963
152.09425,168.42538,18.69245,26.418114
152.12965,179.17645,173.87367,26.860224
152.30556,160.94809,161.07368,28.373213
152.59421,172.45996,174.95993,67.573265
152.65973,72.44159,45.84091,-55.521137
152.98558,105.75281,181.57674,-44.39143
153.08742,132.35179,196.54218,66.254616
153.15823,168.02962,161.87576,19.157076
153.20847,81.65625,149.61967,42.985382
153.7471,122.57591,138.05232,17.521196
153.90971,34.423588,61.67522,-90.11338
154.14359,174.97104,149.67535,-5.384077
154.5723,53.86653,0.0,78.16468
154.71707,120.258575,109.54519,35.644615
154.77644,193.5703,158.1398,-14.323075
154.83958,134.26308,184.49115,-23.603115
155.86179,108.41574,187.91008,81.83413
156.0456,81.46066,124.76008,-54.184452
156.4575,29.788897,1.5361047,-52.8743
156.72162,192.84418,106.29122,34.437416
156.84264,20.629602,127.02876,-89.25582
157.05734,131.08295,19.871185,56.070065
157.06082,163.01135,164.94647,-36.984543
157.4988,158.99709,95.42804,-72.73944
157.77309,58.247307,191.28954,24.37843
157.67294,144.51285,184.97519,47.03763
157.77245,149.12773,45.981533,-0.45977423
157.99377,136.109,18.237999,80.12936
158.26863,198.59384,54.63261,89.55292
158.7067,10.417811,179.60925,36.65218
158.62076,65.94225,173.1134,-33.197227
158.73364,134.94733,195.9222,-9.752264
158.68977,193.22185,164.87025,-81.454956
159.18597,38.33082,68.731735,56.413136
159.1821,194.8729,192.39894,26.786877
159.29245,123.378,8.196335,30.095783
159.74312,132.80598,111.65058,64.75124
160.54195,60.508392,147.24417,-44.724506
160.7522,18.42357,184.32199,32.694347
160.65736,147.56947,70.62334,86.57145
161.08284,43.22752,164.72514,99.92075
161.0088,46.425514,25.235134,89.760414
161.28056,7.808994,42.524353,-60.941566
161.44089,23.792917,140.3357,-47.640087
161.67305,60.920837,8.547829,-43.28107
162.36351,16.837692,109.42946,21.354078
162.24464,92.03318,60.638844,-29.809631
162.58578,34.56863,164.02559,1.8403444
162.57872,36.09548,100.00985,-10.71861
162.7023,112.48234,65.02523,45.030216
163.52083,114.43488,170.79642,51.749702
163.76215,45.807602,74.307175,-6.9172683
163.96132,109.78693,120.39961,-13.276326
164.21309,195.48685,131.46156,90.56664
164.52332,56.588165,164.75237,10.016791
164.62775,108.122154,121.53137,-64.43993
165.20213,164.06233,61.145744,71.106094
165.55832,19.958885,168.06128,83.41
165.54243,186.58215,174.52692,-86.96505
165.91722,11.108415,180.68619,37.53586
165.90665,85.30684,113.58585,87.183685
166.16682,52.199867,123.40384,85.347565
166.17389,100.67396,162.23843,36.88486
166.17851,124.533134,118.2056,93.1424
166.19388,186.53001,189.5174,-10.091734
166.35011,27.044374,113.15298,32.85129
166.359,83.97659,55.22639,-70.02273
166.94298,120.70478,40.803123,95.36815
167.012,33.17369,13.115666,-69.85633
167.03174,126.404945,1.2473735,-14.155377
167.30908,184.60532,172.83229,-72.0674
167.45549,138.80676,13.24588,45.323586
167.91379,156.8826,58.27546,97.84526
168.51497,149.07213,113.76494,-79.53193
168.65793,47.325745,137.5521,45.564976
168.63162,168.95435,63.871246,34.20063
168.91563,71.018196,81.00034,99.637146
168.82956,144.28084,190.26738,-7.759072
168.81676,188.02098,195.9967,-76.70593
169.22824,9.949989,83.01371,-38.866867
169.20192,33.71472,168.09735,-3.5707786
169.4182,192.9998,17.222387,-41.263206
169.61304,29.106224,166.53969,-93.304
169.67259,39.399006,185.7446,-61.00826
169.8022,38.423355,18.2541,-95.41442
169.91039,49.002518,114.88316,-42.89541
170.10979,69.39702,96.7036,-3.2766273
170.1582,174.5509,32.790237,-17.00424
170.21516,126.95577,30.109493,77.94547
170.45853,32.177475,187.30061,-9.191097
170.4144,196.96774,38.249443,-9.024112
170.60771,65.94484,11.366724,44.930325
170.74373,111.41867,5.6082306,59.36882
170.96198,8.003522,47.27832,59.996845
171.16766,1.7019888,109.84373,-1.6623495
171.17549,44.581738,104.73454,-23.364958
171.28734,18.804855,72.61973,-2.6973364
171.31448,43.0257,164.37158,-20.728685
171.47145,39.396454,154.40007,-27.336287
171.57036,48.001476,6.505012,24.530573
171.47737,182.61954,159.27487,6.5047364
171.65309,8.751212,34.763996,71.26051
171.7114,47.723793,35.096508,51.70956
171.65855,117.68149,95.09416,-30.454382
171.68283,154.76712,172.69054,-7.5880013
171.75165,161.15895,191.97719,27.794847
171.94333,39.16902,41.891983,41.98046
172.05042,192.72081,43.759357,-27.127459
172.68465,88.10745,169.44537,-6.3780947
172.88788,7.660061,34.5647,21.010193
172.95633,27.670069,5.2541537,-57.258778
172.89728,83.68343,183.55853,-25.832432
173.20093,146.28328,23.770992,-37.303852
173.43666,158.94109,97.3196,-50.62196
173.88394,87.25089,69.617874,-83.56159
173.99037,107.930695,57.132687,28.99391
174.01514,70.356674,3.8340342,-38.812046
174.05371,128.55003,145.72249,7.8174067
174.3738,79.40557,77.70845,34.49152
175.19601,88.25325,10.826731,6.80146
175.23259,166.39711,122.961426,-23.204973
175.56253,116.635994,184.47958,-31.991655
175.66093,159.16183,36.36419,-29.13928
176.26398,78.63947,52.22799,-22.140585
176.72992,67.84428,67.001724,-54.63647
176.8615,6.6955204,138.5819,22.486649
177.1276,144.5416,184.37593,-16.134056
177.38336,25.843508,127.98522,10.664154
177.32622,189.23308,117.70218,53.626102
177.58917,104.82162,166.23969,-72.778915
177.7027,94.41811,50.062954,-23.562338
177.62183,159.99423,27.560673,-66.55788
178.04504,2.9262397,30.788624,38.345184
178.03697,41.477165,58.220207,-55.704487
178.12547,79.762405,92.43789,-66.11117
178.23438,158.11449,187.00177,-32.571693
178.35986,167.23634,138.34024,-6.8838496
178.3167,186.83075,55.931652,-85.737946
178.76076,163.27425,174.952,84.47991
178.86426,65.615295,13.617391,63.41417
178.97574,175.91942,184.44249,41.467133
179.45453,2.5533454,103.10515,61.43121
179.61511,101.46864,171.15994,17.554064
179.8123,108.95568,164.06819,81.722626
180.1717,105.57437,62.102356,11.670127
180.29831,36.66343,109.42033,94.78736
180.77701,108.6876,63.21281,-59.752266
180.73926,176.15636,135.66728,29.46238
180.8325,140.56712,121.61788,19.438026
181.05966,9.544651,40.714523,28.127775
181.07452,153.93877,55.306736,-39.337536
181.39447,41.45192,42.243954,-83.91271
181.29787,189.51271,82.58506,5.7069016
181.83182,154.60518,181.88274,1.9035434
182.03287,47.33371,151.25014,33.51378
182.44115,75.91689,155.8067,-91.06371
182.58337,199.32603,39.597656,31.91382
182.7897,4.151654,134.84804,-38.3728
182.87827,107.64314,148.09367,-99.21593
183.05005,21.853985,117.321915,-53.922398
183.21088,105.60839,159.5069,75.5653
183.59662,6.3475857,127.83866,-89.95196
183.44133,29.497206,78.8393,-87.24916
183.76395,14.837526,117.209404,19.315735
184.35721,161.71198,154.57224,14.302076
184.30537,164.40446,109.521095,63.587833
184.52788,131.4588,45.633823,62.63258
184.63885,165.99756,18.813951,-73.14196
184.86598,10.385057,58.390396,-84.06888
184.99948,81.12404,60.979893,-59.70684
185.01546,112.59152,117.22648,3.4898317
185.0721,165.57086,51.52279,-84.04784
185.25835,154.13829,174.48308,63.56461
185.49898,134.09235,147.08145,-17.050419
185.40134,143.13821,6.1235785,98.02027
185.78749,5.1570745,14.702184,48.752903
185.6067,37.33173,101.04205,70.02018
185.60193,166.77454,25.469269,34.47147
185.88315,45.854412,153.22693,34.573418
186.05211,87.618774,197.21942,8.912904
186.10928,181.41266,158.45038,57.699184
186.08624,199.1027,33.486122,23.450233
186.28027,15.693053,62.535774,59.995514
186.75214,0.46951303,177.42078,-54.153698
186.8212,71.47104,19.710453,-94.59475
187.13458,138.34291,116.352875,18.43017
187.5398,50.595406,129.97627,72.67777
187.60652,9.53037,107.33747,78.45123
187.92592,28.893503,87.073235,9.969302
188.17851,105.29317,91.33493,92.87015
188.4256,68.64837,127.89589,-57.833736
188.70427,125.91517,119.85306,-59.43746
189.16908,147.41489,86.03071,34.670414
189.74394,3.2169704,188.66344,23.067007
190.19374,50.735214,2.9814317,-14.500096
190.34602,82.97545,111.176285,-23.264141
190.21141,156.85756,194.87555,86.92154
190.4132,148.02971,131.5708,-96.27801
190.89505,22.71013,28.625147,13.469865
190.95477,122.61233,197.70232,-55.455242
191.21664,33.256256,142.65567,-80.76133
191.54457,36.35816,53.37703,-85.93985
191.69566,64.76858,64.385376,-76.26726
191.64595,140.45271,26.301077,-66.96067
191.6306,164.73357,178.77544,95.29484
191.88997,139.68457,12.622552,69.153015
192.23198,170.88953,84.30978,-50.53624
192.31744,189.8561,70.0017,75.05914
192.68729,59.763702,145.63457,-60.639538
193.10168,193.02643,137.95793,78.52479
193.37299,195.38757,86.62654,36.31052
193.66843,70.49017,76.10709,47.914497
193.91924,91.65886,173.92178,-52.85843
193.9459,100.30425,85.68503,-22.64004
194.02016,150.40114,53.342484,-34.0603
194.37277,169.84695,152.8338,14.205247
194.49522,169.43286,171.10736,45.424507
194.86685,145.9291,197.57599,8.02105
195.49307,23.001274,78.024574,99.42947
195.48872,102.73095,173.92633,-46.165825
195.63812,27.730417,122.76356,68.590256
195.85654,37.881866,145.41261,-14.845949
196.37471,29.679106,58.965332,77.8439
196.67616,39.114735,15.857572,-40.08828
196.79437,111.33866,107.69898,-69.29614
196.9915,58.60832,85.58134,-37.590683
197.06445,11.201335,198.58589,32.823833
197.06583,156.07011,100.64966,75.06084
197.36122,24.102724,86.846375,73.89431
197.54753,66.55319,62.55505,-45.862885
197.49014,68.232506,60.035595,32.887745
197.6857,66.3006,117.264694,83.87017
197.83339,102.15994,151.38982,36.88977
197.92715,159.92126,104.52052,76.788414
198.18602,1.4808642,8.3515005,-66.66191
198.1404,82.283646,183.2748,24.09516
198.00409,119.69485,186.06612,-15.239027
198.08308,126.42578,149.89302,-69.4836
198.59767,194.43808,51.2565,-71.65052
198.76895,22.261286,167.6757,-30.551321
198.76863,67.949425,117.374794,-37.961212
199.43198,18.13339,194.80519,-43.711273
199.45198,117.33522,70.33616,73.329796
